title,artist,album_artist,album,plays,musicID,trackNo,diskNo
Grind,Alice In Chains,Alice In Chains,Alice In Chains,0,765D35A3E7C7BE22,1,1
Brush Away,Alice In Chains,Alice In Chains,Alice In Chains,0,F0E18433A011954D,2,1
Sludge Factory,Alice In Chains,Alice In Chains,Alice In Chains,0,DD2804875C2CCAF0,3,1
Heaven Beside You,Alice In Chains,Alice In Chains,Alice In Chains,1,829171508E4411AA,4,1
Head Creeps,Alice In Chains,Alice In Chains,Alice In Chains,0,7FFAAA383BFB7388,5,1
Again,Alice In Chains,Alice In Chains,Alice In Chains,0,817B3C54D0CC6A97,6,1
Shame In You,Alice In Chains,Alice In Chains,Alice In Chains,1,7071148167F89C5C,7,1
God Am,Alice In Chains,Alice In Chains,Alice In Chains,0,F1D3299C78D273C6,8,1
So Close,Alice In Chains,Alice In Chains,Alice In Chains,0,51FF835C84A45B21,9,1
Nothin' Song,Alice In Chains,Alice In Chains,Alice In Chains,0,29062DBDCE0E2B59,10,1
Frogs,Alice In Chains,Alice In Chains,Alice In Chains,0,19B842DED829151D,11,1
Over Now,Alice In Chains,Alice In Chains,Alice In Chains,0,33B637C1A1832940,12,1
Them Bones,Alice In Chains,Alice In Chains,Dirt,0,8E914FB570C6FAF2,1,1
Dam That River,Alice In Chains,Alice In Chains,Dirt,0,A6E25DEE810A174B,2,1
Rain When I Die,Alice In Chains,Alice In Chains,Dirt,0,DFD0296888F5D1B0,3,1
Sickman,Alice In Chains,Alice In Chains,Dirt,0,DF95B8B7BBF16F94,4,1
Rooster,Alice In Chains,Alice In Chains,Dirt,0,3A4F68D9D6FDA7DC,5,1
Junkhead,Alice In Chains,Alice In Chains,Dirt,0,A31519AF8195EAB0,6,1
Dirt,Alice In Chains,Alice In Chains,Dirt,0,F9322476FCFAD1DE,7,1
God Smack,Alice In Chains,Alice In Chains,Dirt,0,F78EAE75310E4913,8,1
Iron Gland,Alice In Chains,Alice In Chains,Dirt,0,AA9E6A3CED03F826,9,1
Hate To Feel,Alice In Chains,Alice In Chains,Dirt,0,DBB1E9EAE7648191,10,1
Angry Chair,Alice In Chains,Alice In Chains,Dirt,0,3DF2E0D195B626DB,11,1
Down In A Hole,Alice In Chains,Alice In Chains,Dirt,0,823355611030D45A,12,1
Would?,Alice In Chains,Alice In Chains,Dirt,1,A5622BECE6CC08A3,13,1
We Die Young,Alice In Chains,Alice In Chains,Facelift,0,3ABB3E9F373B81E1,1,1
Man In The Box,Alice In Chains,Alice In Chains,Facelift,0,DB867D200419472D,2,1
Sea Of Sorrow,Alice In Chains,Alice In Chains,Facelift,0,4AF6304781239A7A,3,1
Bleed The Freak,Alice In Chains,Alice In Chains,Facelift,0,BF1B40FFDCAEE735,4,1
I Can't Remember,Alice In Chains,Alice In Chains,Facelift,0,6198B3D88C2F8C49,5,1
"Love, Hate, Love",Alice In Chains,Alice In Chains,Facelift,0,6F74288CC1870DF9,6,1
It Ain't Like That,Alice In Chains,Alice In Chains,Facelift,0,77D0509823C47A60,7,1
Sunshine,Alice In Chains,Alice In Chains,Facelift,0,34243E16C9020183,8,1
Put You Down,Alice In Chains,Alice In Chains,Facelift,0,745F4CCA53160394,9,1
Confusion,Alice In Chains,Alice In Chains,Facelift,0,1F84D26DD15437ED,10,1
I Know Somethin (Bout You),Alice In Chains,Alice In Chains,Facelift,0,E097D4BE734E4A45,11,1
Real Thing,Alice In Chains,Alice In Chains,Facelift,0,5CEB2E85B945B57F,12,1
Rotten Apple,Alice In Chains,Alice In Chains,Jar Of Flies [EP],0,9337D2CFA3B143A6,1,1
Nutshell,Alice In Chains,Alice In Chains,Jar Of Flies [EP],0,949F98A05426B7FA,2,1
I Stay Away,Alice In Chains,Alice In Chains,Jar Of Flies [EP],0,B5D2EB53BE4831B8,3,1
No Excuses,Alice In Chains,Alice In Chains,Jar Of Flies [EP],0,7D54C89ED7326FE0,4,1
Whale & Wasp,Alice In Chains,Alice In Chains,Jar Of Flies [EP],0,15E43EF5E28BCB3B,5,1
Don't Follow,Alice In Chains,Alice In Chains,Jar Of Flies [EP],0,0DE81B133E61882C,6,1
Swing On This,Alice In Chains,Alice In Chains,Jar Of Flies [EP],0,2754829CDAFDDC71,7,1
Get Born Again,Alice In Chains,Alice In Chains,Nothing Safe: Best Of The Box,0,6459363F8D6F4D05,1,1
We Die Young (Demo),Alice In Chains,Alice In Chains,Nothing Safe: Best Of The Box,0,E06D3B3EB1373E60,2,1
Man In The Box,Alice In Chains,Alice In Chains,Nothing Safe: Best Of The Box,0,69994EE031F8DFB0,3,1
Them Bones,Alice In Chains,Alice In Chains,Nothing Safe: Best Of The Box,0,24A04547B44F3541,4,1
Iron Gland,Alice In Chains,Alice In Chains,Nothing Safe: Best Of The Box,0,54D1EBE86DCAAAD8,5,1
Angry Chair,Alice In Chains,Alice In Chains,Nothing Safe: Best Of The Box,0,F66D62E1D0003016,6,1
Down In A Hole,Alice In Chains,Alice In Chains,Nothing Safe: Best Of The Box,0,2ADAAFAF3B7E03BD,7,1
Rooster [Live],Alice In Chains,Alice In Chains,Nothing Safe: Best Of The Box,0,B86B8933BC7CB5A0,8,1
Got Me Wrong,Alice In Chains,Alice In Chains,Nothing Safe: Best Of The Box,0,DC9DD2BAFB8660D5,9,1
No Excuses,Alice In Chains,Alice In Chains,Nothing Safe: Best Of The Box,0,904795BF9DC98F85,10,1
I Stay Away,Alice In Chains,Alice In Chains,Nothing Safe: Best Of The Box,0,ECFE2A3B4FDAD459,11,1
What The Hell Have I,Alice In Chains,Alice In Chains,Nothing Safe: Best Of The Box,0,785F277A36CEAA9F,12,1
Grind,Alice In Chains,Alice In Chains,Nothing Safe: Best Of The Box,0,B990E2DD1F4D12E1,13,1
Again,Alice In Chains,Alice In Chains,Nothing Safe: Best Of The Box,0,6CB606C483F22ED6,14,1
Would?,Alice In Chains,Alice In Chains,Nothing Safe: Best Of The Box,0,A3FE4E909561FF12,15,1
Brother,Alice In Chains,Alice In Chains,Sap [EP],0,007BE9C663C0048A,1,1
Got Me Wrong,Alice In Chains,Alice In Chains,Sap [EP],0,61FF2E900328ED17,2,1
Right Turn,Alice In Chains,Alice In Chains,Sap [EP],0,999AD56CFC8C09DE,3,1
I Am Inside,Alice In Chains,Alice In Chains,Sap [EP],0,0F686B2B28E7E5FD,4,1
(Untitled),Alice In Chains,Alice In Chains,Sap [EP],0,C97D8B28C5422D57,5,1
Wasted,Angus & Julia Stone,Angus & Julia Stone,"Triple J: Hottest 100, Vol. 15",0,E81E6CA1F2315A79,17,1
No Cars Go,Arcade Fire,Arcade Fire,"Triple J: Hottest 100, Vol. 15",0,CD9704319839EB3F,7,2
Heart It Races,Architecture In Helsinki,Architecture In Helsinki,"Triple J: Hottest 100, Vol. 15",0,67270B4B6C1789E0,11,1
Cochise,Audioslave,Audioslave,Audioslave,0,130B9BF27DDBF1D8,1,1
Show Me How To Live,Audioslave,Audioslave,Audioslave,0,32E1EE21CA6C0357,2,1
Gasoline,Audioslave,Audioslave,Audioslave,0,2472912F2AC530FF,3,1
What You Are,Audioslave,Audioslave,Audioslave,0,47989346DCA41DEE,4,1
Like A Stone,Audioslave,Audioslave,Audioslave,0,252C801E983B319B,5,1
Set It Off,Audioslave,Audioslave,Audioslave,0,C2645DA5DE9F1955,6,1
Shadow On The Sun,Audioslave,Audioslave,Audioslave,0,FB2958E2D8703EFD,7,1
I Am The Highway,Audioslave,Audioslave,Audioslave,0,71B898B616E9B149,8,1
Exploder,Audioslave,Audioslave,Audioslave,0,C16B8DE7B9E8BCF9,9,1
Hypnotize,Audioslave,Audioslave,Audioslave,0,669D356D5DF46837,10,1
Bring Em Back Alive,Audioslave,Audioslave,Audioslave,0,85B1DB8195234CD3,11,1
Light My Way,Audioslave,Audioslave,Audioslave,0,57BC7944D3A987B7,12,1
Getaway Car,Audioslave,Audioslave,Audioslave,0,DF067E3567520A94,13,1
The Last Remaining Light,Audioslave,Audioslave,Audioslave,0,96631D1E89791637,14,1
Come Together,The Beatles,The Beatles,Abbey Road,0,872684DC1E6D3151,1,1
Something,The Beatles,The Beatles,Abbey Road,0,CCD8A4E01D5A2F7B,2,1
Maxwell's Silver Hammer,The Beatles,The Beatles,Abbey Road,0,749768A88224C78F,3,1
Oh! Darling,The Beatles,The Beatles,Abbey Road,2,8A8C8A6CFC1A0540,4,1
Octopus's Garden,The Beatles,The Beatles,Abbey Road,0,BFFA61DEB8213A4C,5,1
I Want You (She's So Heavy),The Beatles,The Beatles,Abbey Road,1,81B8FD3682095567,6,1
Here Comes The Sun,The Beatles,The Beatles,Abbey Road,0,6BC6E97A1FB50DA6,7,1
Because,The Beatles,The Beatles,Abbey Road,2,6F09020A5DDC32AC,8,1
You Never Give Me Your Money,The Beatles,The Beatles,Abbey Road,0,00540BA6324DC104,9,1
Sun King,The Beatles,The Beatles,Abbey Road,0,33780F0BB0128E5E,10,1
Mean Mr. Mustard,The Beatles,The Beatles,Abbey Road,0,3CD6E250360F8171,11,1
Polythene Pam,The Beatles,The Beatles,Abbey Road,0,5A2420BE143DD771,12,1
She Came In Through The Bathroom Window,The Beatles,The Beatles,Abbey Road,0,E5A8487519F0E752,13,1
Golden Slumbers,The Beatles,The Beatles,Abbey Road,1,DE0DDB6B5E0F6DF1,14,1
Carry That Weight,The Beatles,The Beatles,Abbey Road,0,901F51514421EA0B,15,1
The End,The Beatles,The Beatles,Abbey Road,0,1ED8BCE9B124B205,16,1
Her Majesty,The Beatles,The Beatles,Abbey Road,0,4B0BF4BEE370B212,17,1
Back In The U.S.S.R.,The Beatles,The Beatles,The Beatles,0,34761C9F8EEF4042,1,1
Dear Prudence,The Beatles,The Beatles,The Beatles,3,CCECD5597F15E55A,2,1
Glass Onion,The Beatles,The Beatles,The Beatles,0,361A8508B33F6812,3,1
"ObLaDi, ObLaDa",The Beatles,The Beatles,The Beatles,0,8F3904058533D950,4,1
Wild Honey Pie,The Beatles,The Beatles,The Beatles,0,1CEA71981F504625,5,1
The Continuing Story Of Bungalow Bill,The Beatles,The Beatles,The Beatles,0,664D9ECB6A9506E2,6,1
While My Guitar Gently Weeps,The Beatles,The Beatles,The Beatles,2,1C722536186B291E,7,1
Happiness Is A Warm Gun,The Beatles,The Beatles,The Beatles,0,1DB7EEFEF960CA19,8,1
Martha My Dear,The Beatles,The Beatles,The Beatles,0,BEDA346E1C5CA5EF,9,1
I'm So Tired,The Beatles,The Beatles,The Beatles,0,8CBEA464BBF612D1,10,1
Blackbird,The Beatles,The Beatles,The Beatles,0,4874455198FE521D,11,1
Piggies,The Beatles,The Beatles,The Beatles,0,6BAFDBA4F8FAC457,12,1
Rocky Raccoon,The Beatles,The Beatles,The Beatles,0,7CF67A2D2D9C2544,13,1
Don't Pass Me By,The Beatles,The Beatles,The Beatles,0,4E988FE8B61D907A,14,1
Why Don't We Do It In The Road?,The Beatles,The Beatles,The Beatles,0,11A190A194B50AC5,15,1
I Will,The Beatles,The Beatles,The Beatles,0,D5BBF82EFF9BD556,16,1
Julia,The Beatles,The Beatles,The Beatles,0,191511C24DE2FDD3,17,1
Birthday,The Beatles,The Beatles,The Beatles,3,A8810D2B7F807541,1,2
Yer Blues,The Beatles,The Beatles,The Beatles,1,0227598C82E0C6F4,2,2
Mother Nature's Son,The Beatles,The Beatles,The Beatles,0,13C2AF28763B984F,3,2
Everybody's Got Something To Hide Except Me And My Monkey,The Beatles,The Beatles,The Beatles,0,7FEF4DDD364C88EE,4,2
Sexy Sadie,The Beatles,The Beatles,The Beatles,0,B433977AAA2B17F5,5,2
Helter Skelter,The Beatles,The Beatles,The Beatles,0,0F8441A856397514,6,2
"Long, Long, Long",The Beatles,The Beatles,The Beatles,0,B902D2EC42E95BB0,7,2
Revolution 1,The Beatles,The Beatles,The Beatles,0,C776065DFD887406,8,2
Honey Pie,The Beatles,The Beatles,The Beatles,0,4EC5EEA7038CB82B,9,2
Savoy Truffle,The Beatles,The Beatles,The Beatles,0,FC5ED42F99CA1D8F,10,2
Cry Baby Cry,The Beatles,The Beatles,The Beatles,0,79DE75C6B4067C69,11,2
Revolution 9,The Beatles,The Beatles,The Beatles,0,A1F9313A604B597A,12,2
Good Night,The Beatles,The Beatles,The Beatles,0,FC5987397DCB9532,13,2
Back In The U.S.S.R. [Esher Demo],The Beatles,The Beatles,The Beatles,0,26D02D88A4A3C3DF,1,3
Dear Prudence [Esher Demo],The Beatles,The Beatles,The Beatles,0,B9DCEF260CB48013,2,3
Glass Onion [Esher Demo],The Beatles,The Beatles,The Beatles,0,54F281CEC5442E20,3,3
"Ob-La-Di, Ob-La-Da [Esher Demo]",The Beatles,The Beatles,The Beatles,0,FF813DAC6F9A49B6,4,3
The Continuing Story Of Bungalow Bill [Esher Demo],The Beatles,The Beatles,The Beatles,0,C0EE0793DC947557,5,3
While My Guitar Gently Weeps [Esher Demo],The Beatles,The Beatles,The Beatles,0,F8D84C31712639DB,6,3
Happiness Is A Warm Gun [Esher Demo],The Beatles,The Beatles,The Beatles,0,A0748E8812D8776C,7,3
I'm So Tired [Esher Demo],The Beatles,The Beatles,The Beatles,1,94FEE5E17ED95664,8,3
Blackbird [Esher Demo],The Beatles,The Beatles,The Beatles,0,215398DAC0DC6894,9,3
Piggies [Esher Demo],The Beatles,The Beatles,The Beatles,0,B7EF6B1ADE1B754C,10,3
Rocky Raccoon [Esher Demo],The Beatles,The Beatles,The Beatles,0,DA00AFA605F66913,11,3
Julia [Esher Demo],The Beatles,The Beatles,The Beatles,0,487F15322E44DE81,12,3
Yer Blues [Esher Demo],The Beatles,The Beatles,The Beatles,0,8F2E6306A5260E0B,13,3
Mother Nature's Son [Esher Demo],The Beatles,The Beatles,The Beatles,0,C1458310B612C6DF,14,3
Everybody's Got Something To Hide Except Me And My Monkey [Esher Demo],The Beatles,The Beatles,The Beatles,0,E4D0DD142DF56688,15,3
Sexy Sadie [Esher Demo],The Beatles,The Beatles,The Beatles,0,2BA17042EB5BE8AE,16,3
Revolution [Esher Demo],The Beatles,The Beatles,The Beatles,0,C40A1E02F706D1B1,17,3
Honey Pie [Esher Demo],The Beatles,The Beatles,The Beatles,0,1EA1B1CE1E2DF328,18,3
Cry Baby Cry [Esher Demo],The Beatles,The Beatles,The Beatles,0,F2289688AB5425B9,19,3
Sour Milk Sea [Esher Demo],The Beatles,The Beatles,The Beatles,0,1E100646B9CAA551,20,3
Junk [Esher Demo],The Beatles,The Beatles,The Beatles,0,358A24514D966E57,21,3
Child Of Nature [Esher Demo],The Beatles,The Beatles,The Beatles,2,5AAD6FF2DB458FFA,22,3
Circles [Esher Demo],The Beatles,The Beatles,The Beatles,0,B4822666E58F4D9F,23,3
Mean Mr Mustard [Esher Demo],The Beatles,The Beatles,The Beatles,0,1988A3F2D74557D3,24,3
Polythene Pam [Esher Demo],The Beatles,The Beatles,The Beatles,0,96D86644A478F92A,25,3
Not Guilty [Esher Demo],The Beatles,The Beatles,The Beatles,0,6755230363DDD1D3,26,3
What's The New Mary Jane [Esher Demo],The Beatles,The Beatles,The Beatles,0,9EC2246381C9CEC4,27,3
Love Me Do (2023 Mix),The Beatles,The Beatles,The Beatles 1962-1966,0,C6EFCB55E1C3A90F,1,1
Please Please Me (2023 Mix),The Beatles,The Beatles,The Beatles 1962-1966,0,215536E255B61A8F,2,1
I Saw Her Standing There (2023 Mix),The Beatles,The Beatles,The Beatles 1962-1966,0,CEB8F6CD91962993,3,1
Twist And Shout (2023 Mix),The Beatles,The Beatles,The Beatles 1962-1966,0,9F771950657AA821,4,1
From Me To You (2023 Mix),The Beatles,The Beatles,The Beatles 1962-1966,0,F3D9CD4E267B1248,5,1
She Loves You (2023 Mix),The Beatles,The Beatles,The Beatles 1962-1966,0,D572664FEAE4A5E8,6,1
I Want To Hold Your Hand (2023 Mix),The Beatles,The Beatles,The Beatles 1962-1966,0,77F8448344E2549F,7,1
This Boy (2023 Mix),The Beatles,The Beatles,The Beatles 1962-1966,0,6789CF18518597F9,8,1
All My Loving (2023 Mix),The Beatles,The Beatles,The Beatles 1962-1966,0,FFA1BBCC88F25300,9,1
Roll Over Beethoven (2023 Mix),The Beatles,The Beatles,The Beatles 1962-1966,0,983DA4161A4CC75D,10,1
You Really Got A Hold On Me (2023 Mix),The Beatles,The Beatles,The Beatles 1962-1966,0,4822EEFF1AD972FC,11,1
Can't Buy Me Love (2023 Mix),The Beatles,The Beatles,The Beatles 1962-1966,0,2C689B4F337B3F69,12,1
You Can't Do That (2023 Mix),The Beatles,The Beatles,The Beatles 1962-1966,1,B28DDD9431A92CB6,13,1
A Hard Day's Night (2023 Mix),The Beatles,The Beatles,The Beatles 1962-1966,2,BC4109A87BEF3BC8,14,1
And I Love Her (2023 Mix),The Beatles,The Beatles,The Beatles 1962-1966,0,D11FEF844FE1AF3D,15,1
Eight Days A Week (2023 Mix),The Beatles,The Beatles,The Beatles 1962-1966,0,C8C8A77126A0FB9D,16,1
I Feel Fine (2023 Mix),The Beatles,The Beatles,The Beatles 1962-1966,0,14D44858A52FC7D5,17,1
Ticket To Ride (2023 Mix),The Beatles,The Beatles,The Beatles 1962-1966,0,48B5575B840E645A,18,1
Yesterday (2023 Mix),The Beatles,The Beatles,The Beatles 1962-1966,0,5021E2FADB20A9F0,19,1
Help! (2023 Mix),The Beatles,The Beatles,The Beatles 1962-1966,0,9693C72717F7A333,1,2
You've Got To Hide Your Love Away (2023 Mix),The Beatles,The Beatles,The Beatles 1962-1966,0,6010FC8738481421,2,2
We Can Work It Out (2023 Mix),The Beatles,The Beatles,The Beatles 1962-1966,0,2AA281A8C082C570,3,2
Day Tripper (2023 Mix),The Beatles,The Beatles,The Beatles 1962-1966,0,FE545CE435AD6689,4,2
Drive My Car (2023 Mix),The Beatles,The Beatles,The Beatles 1962-1966,0,1838315E21740206,5,2
Norwegian Wood (This Bird Has Flown) (2023 Mix),The Beatles,The Beatles,The Beatles 1962-1966,0,166343EE698B3238,6,2
Nowhere Man (2023 Mix),The Beatles,The Beatles,The Beatles 1962-1966,0,423D05A2E4D7AF56,7,2
Michelle (2023 Mix),The Beatles,The Beatles,The Beatles 1962-1966,0,DBB88B62F7381415,8,2
In My Life (2023 Mix),The Beatles,The Beatles,The Beatles 1962-1966,0,8AF96CA1B89CB815,9,2
If I Needed Someone (2023 Mix),The Beatles,The Beatles,The Beatles 1962-1966,0,0C1EDCBC79B35956,10,2
Girl (2023 Mix),The Beatles,The Beatles,The Beatles 1962-1966,0,FB6AE2985D026546,11,2
Paperback Writer (2022 Mix),The Beatles,The Beatles,The Beatles 1962-1966,0,CBD9BA15CCD24C6A,12,2
Eleanor Rigby (2022 Mix),The Beatles,The Beatles,The Beatles 1962-1966,0,1DE263DB3233AB7C,13,2
Yellow Submarine (2022 Mix),The Beatles,The Beatles,The Beatles 1962-1966,0,0E31798F18D32EF9,14,2
Taxman (2022 Mix),The Beatles,The Beatles,The Beatles 1962-1966,0,85277DA2BC9BC8E2,15,2
Got To Get You Into My Life (2022 Mix),The Beatles,The Beatles,The Beatles 1962-1966,0,22ABFF46AC56F920,16,2
I'm Only Sleeping (2022 Mix),The Beatles,The Beatles,The Beatles 1962-1966,0,D747AF47BAB72E85,17,2
"Here, There And Everywhere (2022 Mix)",The Beatles,The Beatles,The Beatles 1962-1966,0,A5852EC85E841997,18,2
Tomorrow Never Knows (2022 Mix),The Beatles,The Beatles,The Beatles 1962-1966,0,5CA7D5B9876AB194,19,2
Strawberry Fields Forever,The Beatles,The Beatles,The Beatles 1967-1970,0,816704D82372798D,1,1
Penny Lane,The Beatles,The Beatles,The Beatles 1967-1970,0,C2A83E78486B74B1,2,1
Sgt. Pepper's Lonely Hearts Club Band,The Beatles,The Beatles,The Beatles 1967-1970,0,4698A245C7BCA405,3,1
With a Little Help From My Friends,The Beatles,The Beatles,The Beatles 1967-1970,0,923F82C59C53334C,4,1
Lucy In the Sky With Diamonds,The Beatles,The Beatles,The Beatles 1967-1970,0,4CC528F77B05ED6F,5,1
A Day In the Life,The Beatles,The Beatles,The Beatles 1967-1970,1,F8495B1CB128DF5A,6,1
All You Need Is Love,The Beatles,The Beatles,The Beatles 1967-1970,0,924D8011D8AA0D11,7,1
I Am the Walrus,The Beatles,The Beatles,The Beatles 1967-1970,0,A69CE03FFC8325F9,8,1
"Hello, Goodbye",The Beatles,The Beatles,The Beatles 1967-1970,0,F050CD95D7C38556,9,1
The Fool On the Hill,The Beatles,The Beatles,The Beatles 1967-1970,0,6293A80126722384,10,1
Magical Mystery Tour,The Beatles,The Beatles,The Beatles 1967-1970,0,BAB5E7BC19EC1B52,11,1
Lady Madonna,The Beatles,The Beatles,The Beatles 1967-1970,0,1BD1B50A91840AB0,12,1
Hey Jude,The Beatles,The Beatles,The Beatles 1967-1970,1,773498D2BA6EE1F1,13,1
Revolution,The Beatles,The Beatles,The Beatles 1967-1970,0,F9CE2B7858C45B99,14,1
Back In The U.S.S.R.,The Beatles,The Beatles,The Beatles 1967-1970,0,9F93A4C2740E0687,1,2
While My Guitar Gently Weeps,The Beatles,The Beatles,The Beatles 1967-1970,0,AF2CCE0637E83414,2,2
"Ob-La-Di, Ob-La-Da",The Beatles,The Beatles,The Beatles 1967-1970,0,43F48F031D2507E2,3,2
Get Back,The Beatles,The Beatles,The Beatles 1967-1970,0,B4E22695CD71AFFE,4,2
Don't Let Me Down,The Beatles,The Beatles,The Beatles 1967-1970,0,A71BEAFF2A3597E2,5,2
The Ballad Of John And Yoko,The Beatles,The Beatles,The Beatles 1967-1970,0,3187C05C67FF0E99,6,2
Old Brown Shoe,The Beatles,The Beatles,The Beatles 1967-1970,0,3FB69B4DDA12342D,7,2
Here Comes The Sun,The Beatles,The Beatles,The Beatles 1967-1970,0,F0094B61A400F5FF,8,2
Come Together,The Beatles,The Beatles,The Beatles 1967-1970,0,30C2A789817838C7,9,2
Something,The Beatles,The Beatles,The Beatles 1967-1970,0,43FBBCD24C6B67E5,10,2
Octopus's Garden,The Beatles,The Beatles,The Beatles 1967-1970,0,412E26FF6A4A22E2,11,2
Let It Be,The Beatles,The Beatles,The Beatles 1967-1970,0,42A6F91FAB2FD400,12,2
Across The Universe,The Beatles,The Beatles,The Beatles 1967-1970,0,1EF63409EA45CC4D,13,2
The Long And Winding Road,The Beatles,The Beatles,The Beatles 1967-1970,0,DAF6347CD0B9458E,14,2
Magical Mystery Tour,The Beatles,The Beatles,Magical Mystery Tour,0,1D6EEC5343A5DFDE,1,1
The Fool On The Hill,The Beatles,The Beatles,Magical Mystery Tour,0,6894462DD92093F4,2,1
Flying,The Beatles,The Beatles,Magical Mystery Tour,0,8525C8771F7BB6FE,3,1
Blue Jay Way,The Beatles,The Beatles,Magical Mystery Tour,0,D6729748020D1973,4,1
Your Mother Should Know,The Beatles,The Beatles,Magical Mystery Tour,0,A0E4CA813D8A0F32,5,1
I Am The Walrus,The Beatles,The Beatles,Magical Mystery Tour,2,0A24EDA12E53033A,6,1
Hello Goodbye,The Beatles,The Beatles,Magical Mystery Tour,0,05B686682B81AAA5,7,1
Strawberry Fields Forever,The Beatles,The Beatles,Magical Mystery Tour,0,98CF576396691AC4,8,1
Penny Lane,The Beatles,The Beatles,Magical Mystery Tour,0,6B045BC4D446F6A1,9,1
Baby You're A Rich Man,The Beatles,The Beatles,Magical Mystery Tour,0,E01D47A373B31BFC,10,1
All You Need Is Love,The Beatles,The Beatles,Magical Mystery Tour,0,9C18D6CE5F47B618,11,1
Day Tripper,The Beatles,The Beatles,"Past Masters, Vol. 2",1,69769B9D4377B9FA,1,1
We Can Work It Out,The Beatles,The Beatles,"Past Masters, Vol. 2",0,E1AE584BD3D4CA03,2,1
Paperback Writer,The Beatles,The Beatles,"Past Masters, Vol. 2",0,C9C005D7DAEAAD4F,3,1
Rain,The Beatles,The Beatles,"Past Masters, Vol. 2",0,83D093FEC6EF02C2,4,1
Lady Madonna,The Beatles,The Beatles,"Past Masters, Vol. 2",0,055180E1F5C35612,5,1
The Inner Light,The Beatles,The Beatles,"Past Masters, Vol. 2",0,0F24009DD3D8B815,6,1
Hey Jude,The Beatles,The Beatles,"Past Masters, Vol. 2",1,4EC572AA3F8BA2D0,7,1
Revolution,The Beatles,The Beatles,"Past Masters, Vol. 2",1,37CF4DDE39B494EE,8,1
Get Back,The Beatles,The Beatles,"Past Masters, Vol. 2",0,7D38BA247894348A,9,1
Don't Let Me Down,The Beatles,The Beatles,"Past Masters, Vol. 2",1,CBD3218A20902CA8,10,1
The Ballad Of John And Yoko,The Beatles,The Beatles,"Past Masters, Vol. 2",0,49964E6DD7647E6B,11,1
Old Brown Shoe,The Beatles,The Beatles,"Past Masters, Vol. 2",3,458F34B2E8261778,12,1
Across The Universe,The Beatles,The Beatles,"Past Masters, Vol. 2",0,EFBC4BEC55F840C2,13,1
Let It Be,The Beatles,The Beatles,"Past Masters, Vol. 2",0,7244618AB6252C63,14,1
You Know My Name (Look Up The Number),The Beatles,The Beatles,"Past Masters, Vol. 2",0,501E08D38F6267C7,15,1
Taxman,The Beatles,The Beatles,Revolver,0,D3FE4B289C82D58A,1,1
Eleanor Rigby,The Beatles,The Beatles,Revolver,0,8CCC09BCA254B491,2,1
I'm Only Sleeping,The Beatles,The Beatles,Revolver,0,B9FF933D27219C32,3,1
Love You To,The Beatles,The Beatles,Revolver,0,C8146DF36CAC7A09,4,1
"Here, There And Everywhere",The Beatles,The Beatles,Revolver,0,C15E10A083218600,5,1
Yellow Submarine,The Beatles,The Beatles,Revolver,0,DED81458AF9FD966,6,1
She Said She Said,The Beatles,The Beatles,Revolver,0,6239772F0AE9FBD6,7,1
Good Day Sunshine,The Beatles,The Beatles,Revolver,0,AD501E4EF9EB65DE,8,1
And Your Bird Can Sing,The Beatles,The Beatles,Revolver,0,8F9AF9943CCB4906,9,1
For No One,The Beatles,The Beatles,Revolver,0,78FE32A8C4446861,10,1
Doctor Robert,The Beatles,The Beatles,Revolver,0,86FF15EDADB4CC2F,11,1
I Want To Tell You,The Beatles,The Beatles,Revolver,0,E069A38F93F8C7AF,12,1
Got To Get You Into My Life,The Beatles,The Beatles,Revolver,0,E43426A9A77FA1C8,13,1
Tomorrow Never Knows,The Beatles,The Beatles,Revolver,0,B85FA1DFFAB4901F,14,1
Drive My Car,The Beatles,The Beatles,Rubber Soul,0,87153D1FE7C98F0D,1,1
Norwegian Wood (This Bird Has Flown),The Beatles,The Beatles,Rubber Soul,0,D3F8A5E9E5D96321,2,1
You Won't See Me,The Beatles,The Beatles,Rubber Soul,0,D69A2E8358790A25,3,1
Nowhere Man,The Beatles,The Beatles,Rubber Soul,0,800346434DEC239C,4,1
Think For Yourself,The Beatles,The Beatles,Rubber Soul,0,4427FCF37496A56A,5,1
The Word,The Beatles,The Beatles,Rubber Soul,0,FB2C55C5A8135D1E,6,1
Michelle,The Beatles,The Beatles,Rubber Soul,0,BDAA5B7732A6CD71,7,1
What Goes On,The Beatles,The Beatles,Rubber Soul,0,22AA4F94718E579D,8,1
Girl,The Beatles,The Beatles,Rubber Soul,0,FF6BFF88D97AFC04,9,1
I'm Looking Through You,The Beatles,The Beatles,Rubber Soul,0,396EB294FF8ACC4A,10,1
In My Life,The Beatles,The Beatles,Rubber Soul,0,518D5CA36B360BD6,11,1
Wait,The Beatles,The Beatles,Rubber Soul,0,FFD4F3F4B4360E73,12,1
If I Needed Someone,The Beatles,The Beatles,Rubber Soul,0,ED31E0BAEF002288,13,1
Run For Your Life,The Beatles,The Beatles,Rubber Soul,1,BDFA4EBFB0829A9C,14,1
Sgt. Pepper's Lonely Hearts Club Band,The Beatles,The Beatles,Sgt. Pepper's Lonely Hearts Club Band,0,49BA04318DF29074,1,1
With A Little Help From My Friends,The Beatles,The Beatles,Sgt. Pepper's Lonely Hearts Club Band,0,24FF52F5A3CC7892,2,1
Lucy In The Sky With Diamonds,The Beatles,The Beatles,Sgt. Pepper's Lonely Hearts Club Band,1,5A6F073B039BB189,3,1
Getting Better,The Beatles,The Beatles,Sgt. Pepper's Lonely Hearts Club Band,0,088756FB5F26F4ED,4,1
Fixing A Hole,The Beatles,The Beatles,Sgt. Pepper's Lonely Hearts Club Band,0,E818A59240F8E194,5,1
She's Leaving Home,The Beatles,The Beatles,Sgt. Pepper's Lonely Hearts Club Band,0,9DD0808DBA270556,6,1
Being For The Benefit Of Mr. Kite!,The Beatles,The Beatles,Sgt. Pepper's Lonely Hearts Club Band,0,12604AEBD7896724,7,1
Within You Without You,The Beatles,The Beatles,Sgt. Pepper's Lonely Hearts Club Band,0,F8374CE967263387,8,1
When I'm Sixty-Four,The Beatles,The Beatles,Sgt. Pepper's Lonely Hearts Club Band,0,35BEC3B170C8B051,9,1
Lovely Rita,The Beatles,The Beatles,Sgt. Pepper's Lonely Hearts Club Band,0,F423BF96AA7DC064,10,1
Good Morning Good Morning,The Beatles,The Beatles,Sgt. Pepper's Lonely Hearts Club Band,1,237DD66B5A36C609,11,1
Sgt. Pepper's Lonely Hearts Club Band (Reprise),The Beatles,The Beatles,Sgt. Pepper's Lonely Hearts Club Band,0,B45DF9C4F67FE14D,12,1
A Day In The Life,The Beatles,The Beatles,Sgt. Pepper's Lonely Hearts Club Band,0,1B8D18F91557B3F0,13,1
Sgt. Pepper's Lonely Hearts Club Band [Take 9],The Beatles,The Beatles,Sgt. Pepper's Lonely Hearts Club Band,0,AF6F443563A68002,1,2
With A Little Help From My Friends [Take 1 - False Start And Take 2 - Instrumental],The Beatles,The Beatles,Sgt. Pepper's Lonely Hearts Club Band,0,1F1A252EF0163267,2,2
Lucy In The Sky With Diamonds [Take 1],The Beatles,The Beatles,Sgt. Pepper's Lonely Hearts Club Band,0,BFB1E31A739BCF6A,3,2
Getting Better [Take 1 - Instrumental And Speech At The End],The Beatles,The Beatles,Sgt. Pepper's Lonely Hearts Club Band,0,6ACF09F01E052477,4,2
Fixing A Hole [Speech And Take 3],The Beatles,The Beatles,Sgt. Pepper's Lonely Hearts Club Band,0,97643133D3169A12,5,2
She's Leaving Home [Take 1 - Instrumental],The Beatles,The Beatles,Sgt. Pepper's Lonely Hearts Club Band,0,5F47883DA42F83D6,6,2
Being For The Benefit Of Mr. Kite! [Take 4],The Beatles,The Beatles,Sgt. Pepper's Lonely Hearts Club Band,0,6BA6BB0914ACB039,7,2
Within You Without You [Take 1 - Indian Instruments],The Beatles,The Beatles,Sgt. Pepper's Lonely Hearts Club Band,0,7B351FDEF8776E68,8,2
When I'm Sixty-Four [Take 2],The Beatles,The Beatles,Sgt. Pepper's Lonely Hearts Club Band,0,2ABF2E768E5806BB,9,2
Lovely Rita [Speech And Take 9],The Beatles,The Beatles,Sgt. Pepper's Lonely Hearts Club Band,0,323626BC32F70A23,10,2
Good Morning Good Morning [Take 8],The Beatles,The Beatles,Sgt. Pepper's Lonely Hearts Club Band,0,35EC5FA93592506B,11,2
Sgt. Pepper's Lonely Hearts Club Band (Reprise) [Take 8],The Beatles,The Beatles,Sgt. Pepper's Lonely Hearts Club Band,0,820A0B953921CFF3,12,2
A Day In The Life [Take 1 With Hummed Last Chord],The Beatles,The Beatles,Sgt. Pepper's Lonely Hearts Club Band,0,46FC3BD73DF7FE6D,13,2
Strawberry Fields Forever [Take 7],The Beatles,The Beatles,Sgt. Pepper's Lonely Hearts Club Band,0,50A8BDF90B74A60D,14,2
Strawberry Fields Forever [Take 26],The Beatles,The Beatles,Sgt. Pepper's Lonely Hearts Club Band,0,EB5992E3FF2BCFF2,15,2
Strawberry Fields Forever [Stereo Mix - 2015],The Beatles,The Beatles,Sgt. Pepper's Lonely Hearts Club Band,2,2FF6D93438819108,16,2
Penny Lane [Take 6 - Instrumental],The Beatles,The Beatles,Sgt. Pepper's Lonely Hearts Club Band,0,3B4D441E57D5C2C6,17,2
Penny Lane [Stereo Mix - 2017],The Beatles,The Beatles,Sgt. Pepper's Lonely Hearts Club Band,0,FA273526D4FF98C6,18,2
I Thought About You,The Beautiful Girls,The Beautiful Girls,"Triple J: Hottest 100, Vol. 15",0,DA99AB19BFC919B4,14,1
Lonely Boy,The Black Keys,The Black Keys,El Camino,0,DF7E51B4255428BD,1,1
Dead And Gone,The Black Keys,The Black Keys,El Camino,0,BB49510A3B728A11,2,1
Gold On The Ceiling,The Black Keys,The Black Keys,El Camino,1,CE2F282D8D620B79,3,1
Little Black Submarines,The Black Keys,The Black Keys,El Camino,1,E528B1E8D0708C6C,4,1
Money Maker,The Black Keys,The Black Keys,El Camino,0,05F9344965094E80,5,1
Run Right Back,The Black Keys,The Black Keys,El Camino,0,2E26EA78A233A701,6,1
Sister,The Black Keys,The Black Keys,El Camino,0,2D61245E13D17E8C,7,1
Hell Of A Season,The Black Keys,The Black Keys,El Camino,0,2744F99DD86C75D3,8,1
Stop Stop,The Black Keys,The Black Keys,El Camino,0,300C287D5804297E,9,1
Nova Baby,The Black Keys,The Black Keys,El Camino,0,939486AF2771A0DD,10,1
Mind Eraser,The Black Keys,The Black Keys,El Camino,0,A8F0DC8435213D65,11,1
Like Eating Glass,Bloc Party,Bloc Party,Silent Alarm,0,0E2251356042249B,1,1
Helicopter,Bloc Party,Bloc Party,Silent Alarm,1,BFB0E0436A2AEF0F,2,1
Positive Tension,Bloc Party,Bloc Party,Silent Alarm,0,5BAF55FD237B282D,3,1
Banquet,Bloc Party,Bloc Party,Silent Alarm,1,BC2759AC43BB0A39,4,1
Blue Light,Bloc Party,Bloc Party,Silent Alarm,0,CC1753E72A84DF7B,5,1
She's Hearing Voices,Bloc Party,Bloc Party,Silent Alarm,0,C623D2676407422C,6,1
This Modern Love,Bloc Party,Bloc Party,Silent Alarm,0,C918E60BA7CE71CE,7,1
The Pioneers,Bloc Party,Bloc Party,Silent Alarm,0,955FF36D591512F0,8,1
Price Of Gasoline,Bloc Party,Bloc Party,Silent Alarm,0,7412D92ACAED6B5F,9,1
So Here We Are,Bloc Party,Bloc Party,Silent Alarm,0,8358544243C88A82,10,1
Luno,Bloc Party,Bloc Party,Silent Alarm,0,AB9C3A6552B05208,11,1
Plans,Bloc Party,Bloc Party,Silent Alarm,0,43B806E624565B9F,12,1
Compliments,Bloc Party,Bloc Party,Silent Alarm,0,1E92EE3A18DE96E6,13,1
Little Thoughts,Bloc Party,Bloc Party,Silent Alarm,0,C1D3CE80E0F87301,14,1
Two More Years,Bloc Party,Bloc Party,Silent Alarm,0,C542FB5129ED1FCC,15,1
Hunting For Witches,Bloc Party,Bloc Party,"Triple J: Hottest 100, Vol. 15",0,46452D947E40E6F0,8,1
Vitriol,Bluejuice,Bluejuice,"Triple J: Hottest 100, Vol. 15",0,9707697AAE9601E8,7,1
Beetlebum,Blur,Blur,Blur,1,5F1F27ACD2B31301,1,1
Song 2,Blur,Blur,Blur,2,25548C8106EE6BAB,2,1
Country Sad Ballad Man,Blur,Blur,Blur,0,80217D47DB31AD6D,3,1
M.O.R.,Blur,Blur,Blur,1,AB9693551F2CDE98,4,1
On Your Own,Blur,Blur,Blur,0,896BB43A0654EA3A,5,1
Theme From Retro,Blur,Blur,Blur,0,78A10E838AAC97C6,6,1
You're So Great,Blur,Blur,Blur,0,83BE585981D7A08A,7,1
Death Of A Party,Blur,Blur,Blur,0,2702CFE778EF9BB4,8,1
Chinese Bombs,Blur,Blur,Blur,2,5CA4038420A9F55C,9,1
I'm Just A Killer For Your Love,Blur,Blur,Blur,0,5D49790077D008FF,10,1
Look Inside America,Blur,Blur,Blur,0,73031B27901CBF4D,11,1
Strange News From Another Star,Blur,Blur,Blur,0,3C5EB81ECC6D8C38,12,1
Movin' On,Blur,Blur,Blur,0,1BFED603B88361B8,13,1
Essex Dogs,Blur,Blur,Blur,0,C7E7345C0A2AA894,14,1
Girls & Boys,Blur,Blur,Parklife,0,6F2BFE0982A4B309,1,1
Tracy Jacks,Blur,Blur,Parklife,0,AA6689D3C73BC209,2,1
End Of A Century,Blur,Blur,Parklife,0,ADB9C452286706BB,3,1
Parklife,Blur,Blur,Parklife,0,6A9E43979D3A9EA1,4,1
Bank Holiday,Blur,Blur,Parklife,0,D034C0B1F8CD024E,5,1
Badhead,Blur,Blur,Parklife,0,36EBAA848E577AEE,6,1
The Debt Collector,Blur,Blur,Parklife,0,0D78EB7F7CFFDE06,7,1
Far Out,Blur,Blur,Parklife,0,73CF534ABDE46EEF,8,1
To The End,Blur,Blur,Parklife,0,207941DBAC3B3AFC,9,1
London Loves,Blur,Blur,Parklife,0,07B6B4F58FEE6EFA,10,1
Trouble In The Message Centre,Blur,Blur,Parklife,0,E6ADEC14B4156887,11,1
Clover Over Dover,Blur,Blur,Parklife,0,A387E219D8CB9FED,12,1
Magic America,Blur,Blur,Parklife,0,E199368B611D13DE,13,1
Jubilee,Blur,Blur,Parklife,0,8F2AB4C64D46B8E1,14,1
This Is A Low,Blur,Blur,Parklife,0,8CAD0F305317E558,15,1
Lot 105,Blur,Blur,Parklife,0,88E5110D419450BD,16,1
Tender,Blur,Blur,13,0,FE9A8C081BD6107F,1,1
Bugman,Blur,Blur,13,0,FD28AD14EDBF35A2,2,1
Coffee & TV,Blur,Blur,13,0,9E905430553E84A6,3,1
Swamp Song,Blur,Blur,13,0,95B7BFB7750D6737,4,1
1992,Blur,Blur,13,0,DCBAD24B851475A8,5,1
B.L.U.R.E.M.I.,Blur,Blur,13,0,6136ADB71AB29840,6,1
Battle,Blur,Blur,13,0,F8E686948096CFFD,7,1
Mellow Song,Blur,Blur,13,0,D6E8EEDDEE834A30,8,1
Trailerpark,Blur,Blur,13,1,FEE8E1A87BA007C6,9,1
Caramel,Blur,Blur,13,0,623BA2DA91BDE2F9,10,1
Trimm Trabb,Blur,Blur,13,0,00640160EB6441B9,11,1
No Distance Left To Run,Blur,Blur,13,0,B6779685EC26D9F6,12,1
Optigan 1,Blur,Blur,13,0,60196D2403DF28AC,13,1
Five Years,David Bowie,David Bowie,The Rise And Fall Of Ziggy Stardust And The Spiders From Mars,0,456D97E3EFC17FB5,1,1
Soul Love,David Bowie,David Bowie,The Rise And Fall Of Ziggy Stardust And The Spiders From Mars,0,16BC1F9F9861E974,2,1
Moonage Daydream,David Bowie,David Bowie,The Rise And Fall Of Ziggy Stardust And The Spiders From Mars,0,90A83461F6A9E898,3,1
Starman,David Bowie,David Bowie,The Rise And Fall Of Ziggy Stardust And The Spiders From Mars,0,4552A5C7FF2B2878,4,1
It Ain't Easy,David Bowie,David Bowie,The Rise And Fall Of Ziggy Stardust And The Spiders From Mars,0,4E670214B488D595,5,1
Lady Stardust,David Bowie,David Bowie,The Rise And Fall Of Ziggy Stardust And The Spiders From Mars,0,850AE13E44FA434E,6,1
Star,David Bowie,David Bowie,The Rise And Fall Of Ziggy Stardust And The Spiders From Mars,0,378CA4ECC2A961DB,7,1
Hang On To Yourself,David Bowie,David Bowie,The Rise And Fall Of Ziggy Stardust And The Spiders From Mars,0,81DF482B287BF058,8,1
Ziggy Stardust,David Bowie,David Bowie,The Rise And Fall Of Ziggy Stardust And The Spiders From Mars,0,B4F852A30A07B3BA,9,1
Suffragette City,David Bowie,David Bowie,The Rise And Fall Of Ziggy Stardust And The Spiders From Mars,0,989EA9F30B9B1AC6,10,1
Rock 'N' Roll Suicide,David Bowie,David Bowie,The Rise And Fall Of Ziggy Stardust And The Spiders From Mars,0,CE68BF634B512698,11,1
Mojo Pin,Jeff Buckley,Jeff Buckley,Grace,0,6C1627C6B36AAC9F,1,1
Grace,Jeff Buckley,Jeff Buckley,Grace,0,A964267AB4465F78,2,1
Last Goodbye,Jeff Buckley,Jeff Buckley,Grace,0,4EE145C2177C1D1F,3,1
Lilac Wine,Jeff Buckley,Jeff Buckley,Grace,0,D46F72D8D395291D,4,1
So Real,Jeff Buckley,Jeff Buckley,Grace,0,4774DC323101335B,5,1
Hallelujah,Jeff Buckley,Jeff Buckley,Grace,0,0F7DD90618E04B2B,6,1
"Lover, You Should've Come Over",Jeff Buckley,Jeff Buckley,Grace,0,69EFCF02D095DF83,7,1
Corpus Christi Carol,Jeff Buckley,Jeff Buckley,Grace,0,E0B5E86B5A2BDCEA,8,1
Eternal Life,Jeff Buckley,Jeff Buckley,Grace,0,13817A1A2CD726F0,9,1
Dream Brother,Jeff Buckley,Jeff Buckley,Grace,1,3F86FC4F720261AA,10,1
Forget Her,Jeff Buckley,Jeff Buckley,Grace,0,E93F4B617163F629,11,1
The Sky Is A Landfill,Jeff Buckley,Jeff Buckley,Sketches For My Sweetheart The Drunk,0,87AF17B4743B2374,1,1
Everybody Here Wants You,Jeff Buckley,Jeff Buckley,Sketches For My Sweetheart The Drunk,0,D51C4E008F968FA2,2,1
Opened Once,Jeff Buckley,Jeff Buckley,Sketches For My Sweetheart The Drunk,0,69D34E371B045221,3,1
Nightmares By The Sea,Jeff Buckley,Jeff Buckley,Sketches For My Sweetheart The Drunk,0,A254AD06FDF603E7,4,1
Yard Of Blonde Girls,Jeff Buckley,Jeff Buckley,Sketches For My Sweetheart The Drunk,0,874FEE9FE7B730D1,5,1
Witches' Rave,Jeff Buckley,Jeff Buckley,Sketches For My Sweetheart The Drunk,0,89B038D16E6BD129,6,1
New Year's Prayer,Jeff Buckley,Jeff Buckley,Sketches For My Sweetheart The Drunk,0,2D5171EE9B422F83,7,1
Morning Theft,Jeff Buckley,Jeff Buckley,Sketches For My Sweetheart The Drunk,0,C41A309078755062,8,1
Vancouver,Jeff Buckley,Jeff Buckley,Sketches For My Sweetheart The Drunk,1,C4EBE9CA5ABDFBF0,9,1
You & I,Jeff Buckley,Jeff Buckley,Sketches For My Sweetheart The Drunk,0,0B4A8F72A92CCEE5,10,1
Nightmares By The Sea,Jeff Buckley,Jeff Buckley,Sketches For My Sweetheart The Drunk,0,328D3ED852B69CC9,1,2
New Year's Prayer,Jeff Buckley,Jeff Buckley,Sketches For My Sweetheart The Drunk,0,0E399C842D96A701,2,2
Haven't You Heard,Jeff Buckley,Jeff Buckley,Sketches For My Sweetheart The Drunk,0,8155A0BFE5C52963,3,2
I Know We Could Be So Happy Baby (If We Wanted To Be),Jeff Buckley,Jeff Buckley,Sketches For My Sweetheart The Drunk,0,4B6EE342C8649BB8,4,2
Murder Suicide Meteor Slave,Jeff Buckley,Jeff Buckley,Sketches For My Sweetheart The Drunk,0,1CE0D4F8137EBA14,5,2
Back In N.Y.C.,Jeff Buckley,Jeff Buckley,Sketches For My Sweetheart The Drunk,0,1329EB4FB53BBF0B,6,2
Gunshot Glitter,Jeff Buckley,Jeff Buckley,Sketches For My Sweetheart The Drunk,0,D340454F68977DA4,7,2
Demon John,Jeff Buckley,Jeff Buckley,Sketches For My Sweetheart The Drunk,0,1DEDFCA567A6BD40,8,2
Your Flesh Is So Nice,Jeff Buckley,Jeff Buckley,Sketches For My Sweetheart The Drunk,0,157C03A617298102,9,2
Jewel Box,Jeff Buckley,Jeff Buckley,Sketches For My Sweetheart The Drunk,0,C7817F86DFF57C67,10,2
Satisfied Mind,Jeff Buckley,Jeff Buckley,Sketches For My Sweetheart The Drunk,0,6B51E080CC3EE366,11,2
So Many Nights,The Cat Empire,The Cat Empire,"Triple J: Hottest 100, Vol. 15",0,2EE05A06C03969EC,12,2
The Salmon Dance,The Chemical Brothers,The Chemical Brothers,"Triple J: Hottest 100, Vol. 15",0,13A2D62D58992980,12,1
What If,Cog,Cog,"Triple J: Hottest 100, Vol. 15",0,72C1EA5AE83D97C2,21,2
Hang Me Up To Dry,Cold War Kids,Cold War Kids,"Triple J: Hottest 100, Vol. 15",0,B15A0C5F5A4EF677,18,1
Hearts On Fire,Cut Copy,Cut Copy,"Triple J: Hottest 100, Vol. 15",0,D403FD49478D9F38,19,2
Robot Rock / Oh Yeah,Daft Punk,Daft Punk,Alive 2007,0,4B4CAD9476FD85E5,1,1
Touch It / Technologic,Daft Punk,Daft Punk,Alive 2007,0,1D6BFF85D7F00919,2,1
Television Rules the Nation / Crescendolls,Daft Punk,Daft Punk,Alive 2007,1,568FE404FF59FC44,3,1
Too Long / Steam Machine,Daft Punk,Daft Punk,Alive 2007,0,0AA3F221CFFA0398,4,1
"Around the World / Harder, Better, Faster, Stronger",Daft Punk,Daft Punk,Alive 2007,0,28F3999E6F59908B,5,1
Burnin' / Too Long,Daft Punk,Daft Punk,Alive 2007,0,F9396C364D89E118,6,1
Face to Face / Short Circuit,Daft Punk,Daft Punk,Alive 2007,1,AF632533DE15F18B,7,1
One More Time / Aerodynamic,Daft Punk,Daft Punk,Alive 2007,1,E85AFEBF15EC5E65,8,1
"Aerodynamic Beats / Gabrielle , Forget About the World",Daft Punk,Daft Punk,Alive 2007,0,7EA22DDD62A44DC8,9,1
Prime Time of Your Life / Brainwasher / Rollin' & Scratchin' / Alive,Daft Punk,Daft Punk,Alive 2007,0,1F490F99B23A7F28,10,1
Da Funk / Daftendirekt,Daft Punk,Daft Punk,Alive 2007,0,417F15C75FD15CF6,11,1
Superheroes / Human After All / Rock'n Roll,Daft Punk,Daft Punk,Alive 2007,0,F756FE414D6DA83D,12,1
Around The World [Radio Edit],Daft Punk,Daft Punk,Around The World [Single],0,E5FBEF4F446348B9,1,1
Around The World [Album Version],Daft Punk,Daft Punk,Around The World [Single],0,D939A51C2FA324E3,2,1
Teachers [Extended Mix],Daft Punk,Daft Punk,Around The World [Single],0,EFCE8650E714EC09,3,1
Around The World (Motorbass Vice Mix),Daft Punk,Daft Punk,Around The World [Single],0,452F285AA81E25B3,4,1
Da Funk [Radio Edit],Daft Punk,Daft Punk,Da Funk [Single],0,6B301BA77565744E,1,1
Da Funk (Original Version),Daft Punk,Daft Punk,Da Funk [Single],0,5211582084E0D886,2,1
Musique,Daft Punk,Daft Punk,Da Funk [Single],0,2114BEA37DE47D0E,3,1
One More Time,Daft Punk,Daft Punk,Discovery,0,C1F14F2199F58C00,1,1
Aerodynamic,Daft Punk,Daft Punk,Discovery,0,56B584991B659E78,2,1
Digital Love,Daft Punk,Daft Punk,Discovery,0,398D8F83E1C4BB5C,3,1
"Harder, Better, Faster, Stronger",Daft Punk,Daft Punk,Discovery,2,E016DADE16ADB7F1,4,1
Crescendolls,Daft Punk,Daft Punk,Discovery,1,DA7C04CB5C4D825E,5,1
Nightvision,Daft Punk,Daft Punk,Discovery,0,076B6ECA23CFACC7,6,1
Superheroes,Daft Punk,Daft Punk,Discovery,0,92B40539259E7F41,7,1
High Life,Daft Punk,Daft Punk,Discovery,0,DD5F4FB484D01E4D,8,1
Something About Us,Daft Punk,Daft Punk,Discovery,0,EF735606E800404B,9,1
Voyager,Daft Punk,Daft Punk,Discovery,0,3D6A95DDD3EB618B,10,1
Veridis Quo,Daft Punk,Daft Punk,Discovery,0,3DEE8E5A70C6B17F,11,1
Short Circuit,Daft Punk,Daft Punk,Discovery,0,758D3552A15A360E,12,1
Face To Face,Daft Punk,Daft Punk,Discovery,0,4D4E46754003F3E3,13,1
Too Long,Daft Punk,Daft Punk,Discovery,0,66B0F12DEAA3ABC9,14,1
Harder Better Faster Stronger,Daft Punk,Daft Punk,"Triple J: Hottest 100, Vol. 15",0,0ADAB9D31DEA0C31,2,1
Feiticeira,Deftones,Deftones,White Pony [20 Year Anniversary Edition],0,7490EF55B0544940,1,1
Digital Bath,Deftones,Deftones,White Pony [20 Year Anniversary Edition],0,62522B71156ABF04,2,1
Elite,Deftones,Deftones,White Pony [20 Year Anniversary Edition],0,64AE0E81F6A612FA,3,1
RX Queen,Deftones,Deftones,White Pony [20 Year Anniversary Edition],0,167485C831C33D18,4,1
Street Carp,Deftones,Deftones,White Pony [20 Year Anniversary Edition],0,772007A62C024D32,5,1
Teenager,Deftones,Deftones,White Pony [20 Year Anniversary Edition],0,B194455CA964DE6F,6,1
Knife Prty,Deftones,Deftones,White Pony [20 Year Anniversary Edition],0,7FCAF8D20BC8A708,7,1
Korea,Deftones,Deftones,White Pony [20 Year Anniversary Edition],0,B6730923BB122566,8,1
Passenger,Deftones,Deftones,White Pony [20 Year Anniversary Edition],0,7DE61387E2C6B766,9,1
Change (In The House Of Flies),Deftones,Deftones,White Pony [20 Year Anniversary Edition],0,CC2EBFE69D397782,10,1
Pink Maggit,Deftones,Deftones,White Pony [20 Year Anniversary Edition],0,E201979A373CDA2E,11,1
Feitieira (Clams Casino Remix),Deftones,Deftones,White Pony [20 Year Anniversary Edition],0,E6672F8B621CFFB4,1,2
Digital Bath (DJ Shadow Remix),Deftones,Deftones,White Pony [20 Year Anniversary Edition],0,4836D100D601DC06,2,2
Elite (Blanck Mass Remix),Deftones,Deftones,White Pony [20 Year Anniversary Edition],0,7B6533D4AD4FA7F6,3,2
RX Queen (Salva Remix),Deftones,Deftones,White Pony [20 Year Anniversary Edition],0,58D4921FE8FF5AF0,4,2
Street Carp (Phantogram Remix),Deftones,Deftones,White Pony [20 Year Anniversary Edition],0,B36C587A5F5FD6C5,5,2
Teenager (Robert Smith Remix),Deftones,Deftones,White Pony [20 Year Anniversary Edition],0,E72A23BD7CC2C08F,6,2
Knife Party (Purity Ring Remix),Deftones,Deftones,White Pony [20 Year Anniversary Edition],0,999B23FABC7C6F3C,7,2
Korea (Trevor Jackson Remix),Deftones,Deftones,White Pony [20 Year Anniversary Edition],0,B88A24D2232E792A,8,2
Passenger (Mike Shinoda Remix),Deftones,Deftones,White Pony [20 Year Anniversary Edition],0,6EC97B11F6DCB3F0,9,2
Change (In The House Of Flies) (Tourist Remix),Deftones,Deftones,White Pony [20 Year Anniversary Edition],0,AB972934DC8602F9,10,2
Pink Maggit (Squarepusher Remix),Deftones,Deftones,White Pony [20 Year Anniversary Edition],0,2ADB426A7CAE8E65,11,2
Pogo,Digitalism,Digitalism,"Triple J: Hottest 100, Vol. 15",0,EBFB259358104068,20,1
Novocaine For The Soul,Eels,Eels,"Meet The Eels: Essential Eels, Vol. 1",0,524BE7F79837C2B6,1,1
Susan's House,Eels,Eels,"Meet The Eels: Essential Eels, Vol. 1",0,68DD26C58D91F395,2,1
My Beloved Monster,Eels,Eels,"Meet The Eels: Essential Eels, Vol. 1",0,C61BE77415A2F70D,3,1
Your Lucky Day In Hell,Eels,Eels,"Meet The Eels: Essential Eels, Vol. 1",0,12284E79CAB7CA7E,4,1
3 Speed,Eels,Eels,"Meet The Eels: Essential Eels, Vol. 1",0,22B8749DA6A97E78,5,1
Last Stop: This Town,Eels,Eels,"Meet The Eels: Essential Eels, Vol. 1",0,52127A99F0595196,6,1
Climbing To The Moon (Jon Brion Remix),Eels,Eels,"Meet The Eels: Essential Eels, Vol. 1",0,A40580799A24E3D8,7,1
Flyswatter,Eels,Eels,"Meet The Eels: Essential Eels, Vol. 1",0,E4F430F2215A9D40,8,1
I Like Birds,Eels,Eels,"Meet The Eels: Essential Eels, Vol. 1",0,16BA8C88F38BA1BD,9,1
Mr. E's Beautiful Blues,Eels,Eels,"Meet The Eels: Essential Eels, Vol. 1",0,14D991482B266DEC,10,1
It's A Motherfucker,Eels,Eels,"Meet The Eels: Essential Eels, Vol. 1",0,1C5F5AECEC18FDBE,11,1
Souljacker Part 1,Eels,Eels,"Meet The Eels: Essential Eels, Vol. 1",0,61626A0FF72339A6,12,1
That's Not Really Funny,Eels,Eels,"Meet The Eels: Essential Eels, Vol. 1",0,CDE8596628B1F599,13,1
Fresh Feeling,Eels,Eels,"Meet The Eels: Essential Eels, Vol. 1",0,51393122DDDFD8FC,14,1
Get Ur Freak On,Eels,Eels,"Meet The Eels: Essential Eels, Vol. 1",1,FE8F94F3AADA2634,15,1
Saturday Morning,Eels,Eels,"Meet The Eels: Essential Eels, Vol. 1",0,D1B71DA4832AE445,16,1
Love Of The Loveless,Eels,Eels,"Meet The Eels: Essential Eels, Vol. 1",0,0614A11836F4580D,17,1
Dirty Girl [Live],Eels,Eels,"Meet The Eels: Essential Eels, Vol. 1",0,EA0B41BE78BBD804,18,1
I Need Some Sleep,Eels,Eels,"Meet The Eels: Essential Eels, Vol. 1",0,12A5F47B7C004F63,19,1
Hey Man (Now You're Really Living),Eels,Eels,"Meet The Eels: Essential Eels, Vol. 1",0,A9F1DF8E59F05A69,20,1
I'm Going To Stop Pretending That I Didn't Break Your Heart,Eels,Eels,"Meet The Eels: Essential Eels, Vol. 1",0,248980D99C6FC504,21,1
Trouble With Dreams,Eels,Eels,"Meet The Eels: Essential Eels, Vol. 1",0,6113D7B5F61A9CC6,22,1
Railroad Man,Eels,Eels,"Meet The Eels: Essential Eels, Vol. 1",0,16553E7D081A36F8,23,1
Losing Streak,Eels,Eels,"Meet The Eels: Essential Eels, Vol. 1",0,4473470D97DEDEF0,24,1
Night Of The Long Knives,Everything Everything,Everything Everything,A Fever Dream,0,DFDC1DA4BC5983C1,1,1
Can't Do,Everything Everything,Everything Everything,A Fever Dream,0,563059F3B204E63B,2,1
Desire,Everything Everything,Everything Everything,A Fever Dream,0,CF57F8BCF5420ECC,3,1
Big Game,Everything Everything,Everything Everything,A Fever Dream,0,C99924D5D42E44F7,4,1
"Good Shot, Good Soldier",Everything Everything,Everything Everything,A Fever Dream,0,DCD3595CF101FA70,5,1
Run The Numbers,Everything Everything,Everything Everything,A Fever Dream,0,3EE97976884AADCD,6,1
Put Me Together,Everything Everything,Everything Everything,A Fever Dream,0,0689B4D89E44A4FC,7,1
A Fever Dream,Everything Everything,Everything Everything,A Fever Dream,0,5625D6CA43CD879B,8,1
Ivory Tower,Everything Everything,Everything Everything,A Fever Dream,0,A1E5D634DA8F78E6,9,1
New Deep,Everything Everything,Everything Everything,A Fever Dream,0,AF02845513FD3582,10,1
White Whale,Everything Everything,Everything Everything,A Fever Dream,0,29B32D8C35A404DD,11,1
Submission,Failure,Failure,Comfort (Remixed and Remastered),5,B2231E538E51B0D2,1,1
Macaque,Failure,Failure,Comfort (Remixed and Remastered),2,7F78162CE04A86EB,2,1
Something,Failure,Failure,Comfort (Remixed and Remastered),8,67060075E9B0B9E2,3,1
Screen Man,Failure,Failure,Comfort (Remixed and Remastered),1,A3A7DE8FB3D57E4C,4,1
Swallow,Failure,Failure,Comfort (Remixed and Remastered),0,E20A2C7AE17AA0CE,5,1
Muffled Snaps,Failure,Failure,Comfort (Remixed and Remastered),2,E64DD8395F6546C8,6,1
Kindred,Failure,Failure,Comfort (Remixed and Remastered),0,F07E591F6B8006DD,7,1
Pro-Catastrophe,Failure,Failure,Comfort (Remixed and Remastered),0,3D29AD98F92CDE35,8,1
Princess,Failure,Failure,Comfort (Remixed and Remastered),1,EDD652EAECE3B537,9,1
Salt Wound,Failure,Failure,Comfort (Remixed and Remastered),0,FE37D1B40E8AA7CD,10,1
Saturday Savior,Failure,Failure,Fantastic Planet (Remastered),1,811F92C9014B35FC,1,1
Sergeant Politeness,Failure,Failure,Fantastic Planet (Remastered),1,C13B9DF66B799BB3,2,1
Segue 1,Failure,Failure,Fantastic Planet (Remastered),1,8B81021B72704B2C,3,1
Smoking Umbrellas,Failure,Failure,Fantastic Planet (Remastered),3,C9B39F93D10B6B70,4,1
Pillowhead,Failure,Failure,Fantastic Planet (Remastered),1,B161B98FC1564939,5,1
Blank,Failure,Failure,Fantastic Planet (Remastered),2,55FFAF44DDFC7F4F,6,1
Segue 2,Failure,Failure,Fantastic Planet (Remastered),2,057F1E3C55C6914A,7,1
Dirty Blue Balloons,Failure,Failure,Fantastic Planet (Remastered),4,7397F521B77F7E85,8,1
Solaris,Failure,Failure,Fantastic Planet (Remastered),1,DB42F8E6DCF26093,9,1
Pitiful,Failure,Failure,Fantastic Planet (Remastered),1,DC47F5C889D5C511,10,1
Leo,Failure,Failure,Fantastic Planet (Remastered),1,FF5BE68B212D115A,11,1
Segue 3,Failure,Failure,Fantastic Planet (Remastered),2,8FC54AC316A2EFC9,12,1
The Nurse Who Loved Me,Failure,Failure,Fantastic Planet (Remastered),1,7BA51F0B5B336364,13,1
Another Space Song,Failure,Failure,Fantastic Planet (Remastered),1,C54556A201F43619,14,1
Stuck On You,Failure,Failure,Fantastic Planet (Remastered),4,6E69AA2B857256EC,15,1
Heliotropic,Failure,Failure,Fantastic Planet (Remastered),4,92666BB0D4666064,16,1
Daylight,Failure,Failure,Fantastic Planet (Remastered),0,799B33372BCD0E32,17,1
Shrine,Failure,Failure,Golden,0,22689ABD7AC00E8F,1,1
Golden,Failure,Failure,Golden,0,C1DD4E3E0F5B12A6,2,1
Pennies,Failure,Failure,Golden,1,A8237054A0A76169,3,1
Petting The Carpet,Failure,Failure,Golden,0,044332F40D24E68D,4,1
Gone,Failure,Failure,Golden,0,F4A81F66E93DE346,5,1
Mange,Failure,Failure,Golden,0,B70E61829A83CC95,6,1
Perfect Prisons,Failure,Failure,Golden,0,F6318A0BFF69151F,7,1
Untitled,Failure,Failure,Golden,0,F483F30719D2210E,8,1
Lucky Shoreline,Failure,Failure,Golden,1,0CDF7007F572641E,9,1
Wake Up,Failure,Failure,Golden,0,4E703D84B5273A03,10,1
You're Too Much,Failure,Failure,Golden,0,1F785ABCF857C137,11,1
Don't Look Up,Failure,Failure,Golden,0,B8A2947A08CD2BC2,12,1
Segue 4,Failure,Failure,The Heart Is a Monster,0,C791C1578FD35747,1,1
Hot Traveler,Failure,Failure,The Heart Is a Monster,0,045ADCCE33C28B30,2,1
A.M. Amnesia,Failure,Failure,The Heart Is a Monster,0,A01A1BF7A9830E05,3,1
Snow Angel,Failure,Failure,The Heart Is a Monster,0,EFC6C1102C458E4D,4,1
Atom City Queen,Failure,Failure,The Heart Is a Monster,2,924730CB7516BA90,5,1
Segue 5,Failure,Failure,The Heart Is a Monster,0,B1353E65D89744C4,6,1
Counterfeit Sky,Failure,Failure,The Heart Is a Monster,1,1DB03B448AFC016E,7,1
Petting the Carpet,Failure,Failure,The Heart Is a Monster,0,AE01D4A5B96BE9E1,8,1
Mulholland Dr.,Failure,Failure,The Heart Is a Monster,0,27C515ADABF638DE,9,1
Fair Light Era,Failure,Failure,The Heart Is a Monster,0,4D29199FFF5349FA,10,1
Segue 6,Failure,Failure,The Heart Is a Monster,0,7603D0E9C710F094,11,1
Come Crashing,Failure,Failure,The Heart Is a Monster,0,2A490A7782B9B37D,12,1
Segue 7,Failure,Failure,The Heart Is a Monster,0,633603433112D405,13,1
The Focus,Failure,Failure,The Heart Is a Monster,0,AEAB11FAED71DF2F,14,1
Otherwhere,Failure,Failure,The Heart Is a Monster,0,89948D7E7C97BD28,15,1
Segue 8,Failure,Failure,The Heart Is a Monster,0,87B8954583C9F2CA,16,1
I Can See Houses,Failure,Failure,The Heart Is a Monster,0,1D88047B3C52C217,17,1
Segue 9,Failure,Failure,The Heart Is a Monster,0,4E574D8641E24054,18,1
Dark Speed,Failure,Failure,In The Future Your Body Will Be The Furthest Thing From Your Mind,0,B3905C6D65049A64,1,1
Paralytic Flow,Failure,Failure,In The Future Your Body Will Be The Furthest Thing From Your Mind,3,53C2D3F228761E9E,2,1
Pennies,Failure,Failure,In The Future Your Body Will Be The Furthest Thing From Your Mind,2,B4C3630D6C110AB5,3,1
Segue 10,Failure,Failure,In The Future Your Body Will Be The Furthest Thing From Your Mind,0,DC4D0FA7DFC146E4,4,1
No One Left,Failure,Failure,In The Future Your Body Will Be The Furthest Thing From Your Mind,0,1E1C2B02EC98A9F4,5,1
Solar Eyes,Failure,Failure,In The Future Your Body Will Be The Furthest Thing From Your Mind,0,77B956692DBAD7C4,6,1
What Makes it Easy,Failure,Failure,In The Future Your Body Will Be The Furthest Thing From Your Mind,0,9126166D39A33979,7,1
Segue 11,Failure,Failure,In The Future Your Body Will Be The Furthest Thing From Your Mind,0,3812A85F02DF9F26,8,1
Found a Way,Failure,Failure,In The Future Your Body Will Be The Furthest Thing From Your Mind,0,A8BAB7D2A16408FD,9,1
Distorted Fields,Failure,Failure,In The Future Your Body Will Be The Furthest Thing From Your Mind,0,39E9E7EB65180DFF,10,1
Segue 12,Failure,Failure,In The Future Your Body Will Be The Furthest Thing From Your Mind,0,946F8D596E025B61,11,1
Heavy and Blind,Failure,Failure,In The Future Your Body Will Be The Furthest Thing From Your Mind,1,B85951995FF3D0BC,12,1
Another Post Human Dream,Failure,Failure,In The Future Your Body Will Be The Furthest Thing From Your Mind,0,7C51E8EDE8B051C9,13,1
Apocalypse Blooms,Failure,Failure,In The Future Your Body Will Be The Furthest Thing From Your Mind,0,E30975A10393A061,14,1
Force Fed Rainbow,Failure,Failure,In The Future Your Body Will Be The Furthest Thing From Your Mind,1,26C7A1BEEFC662C8,15,1
The Pineal Electorate,Failure,Failure,In The Future Your Body Will Be The Furthest Thing From Your Mind,0,AC968837C6266873,16,1
Crash Test Delayed,Failure,Failure,Location Lost,0,05C2339CDBEBCF9A,1,1
The Rising Skyline,Failure + Hayley Williams,Failure,Location Lost,0,33A4CD5348A333FB,2,1
Solid State,Failure,Failure,Location Lost,0,C994DCD551D8D46C,3,1
The Air's on Fire,Failure,Failure,Location Lost,0,2557AE1129DA65AF,4,1
Halo and Grain,Failure,Failure,Location Lost,0,56A14ED707660175,5,1
Someday Soon,Failure,Failure,Location Lost,0,6360672F1781E15F,6,1
Location Lost,Failure,Failure,Location Lost,0,A3AEE53D50CF2739,7,1
A Way Down,Failure,Failure,Location Lost,0,86E8D7175F6E7598,8,1
Moonlight Understands,Failure,Failure,Location Lost,0,8E46B2BF41CDBBFF,9,1
Let It Drip,Failure,Failure,Magnified (Remixed and Remastered),3,FE7C99F3E7A44FB5,1,1
Moth,Failure,Failure,Magnified (Remixed and Remastered),3,0EEEA45E67A7D2A8,2,1
Frogs,Failure,Failure,Magnified (Remixed and Remastered),7,2D9895D8500107EF,3,1
Bernie,Failure,Failure,Magnified (Remixed and Remastered),7,15DA0028DBAC426F,4,1
Magnified,Failure,Failure,Magnified (Remixed and Remastered),4,8F01F3A097D4F272,5,1
Wonderful Life,Failure,Failure,Magnified (Remixed and Remastered),2,7C2ABC45E5273A54,6,1
Undone,Failure,Failure,Magnified (Remixed and Remastered),5,6508A9F1F3A40EB3,7,1
Wet Gravity,Failure,Failure,Magnified (Remixed and Remastered),4,8D75AFB40E48DC79,8,1
Empty Friend,Failure,Failure,Magnified (Remixed and Remastered),1,AAA90C787AE481AC,9,1
Small Crimes,Failure,Failure,Magnified (Remixed and Remastered),0,1A0F2B6A5AE9BF2A,10,1
Pennies (Album Outtake),Failure,Failure,Magnified (Remixed and Remastered),2,B0A4E544C3413EE9,11,1
Water With Hands,Failure,Failure,Wild Type Droid,0,75C7DD5A70296525,1,1
Headstand,Failure,Failure,Wild Type Droid,0,FE6DE959CCBB029D,2,1
A Lifetime Of Joy,Failure,Failure,Wild Type Droid,0,259CF6D17F002069,3,1
Submarines,Failure,Failure,Wild Type Droid,3,2AD3BD1E03F0552E,4,1
Bring Back The Sound,Failure,Failure,Wild Type Droid,1,D557CA182C274173,5,1
Mercury Mouth,Failure,Failure,Wild Type Droid,0,4B8FFC124584CB25,6,1
Undecided,Failure,Failure,Wild Type Droid,2,6D9495984C3AE904,7,1
Long Division,Failure,Failure,Wild Type Droid,0,7C6F1CB2DC57CEE6,8,1
Bad Translation,Failure,Failure,Wild Type Droid,0,6245CF941ADA95DF,9,1
Half Moon,Failure,Failure,Wild Type Droid,0,111CC6898A90B47C,10,1
This Heart Attack,Faker,Faker,"Triple J: Hottest 100, Vol. 15",0,FBC5C9EBF957F01D,6,1
Doll,Foo Fighters,Foo Fighters,The Colour And The Shape,0,95502316E397BAAF,1,1
Monkey Wrench,Foo Fighters,Foo Fighters,The Colour And The Shape,0,68AAFE74F53BF91F,2,1
"Hey, Johnny Park!",Foo Fighters,Foo Fighters,The Colour And The Shape,0,E87E2D27BD117124,3,1
My Poor Brain,Foo Fighters,Foo Fighters,The Colour And The Shape,0,CD9DF641B186BA6B,4,1
Wind Up,Foo Fighters,Foo Fighters,The Colour And The Shape,0,7892DD371C7EA7A9,5,1
Up In Arms,Foo Fighters,Foo Fighters,The Colour And The Shape,0,9DBA974A386366D6,6,1
My Hero,Foo Fighters,Foo Fighters,The Colour And The Shape,0,BE0B7839E4EF00F4,7,1
See You,Foo Fighters,Foo Fighters,The Colour And The Shape,0,47EB5400407C16C1,8,1
Enough Space,Foo Fighters,Foo Fighters,The Colour And The Shape,0,97DD8C260627374C,9,1
February Stars,Foo Fighters,Foo Fighters,The Colour And The Shape,0,C4EBD194B8DCE36E,10,1
Everlong,Foo Fighters,Foo Fighters,The Colour And The Shape,0,745911093094524A,11,1
Walking After You,Foo Fighters,Foo Fighters,The Colour And The Shape,0,13F5B5A5BB1A1031,12,1
New Way Home,Foo Fighters,Foo Fighters,The Colour And The Shape,0,85C9F3B8830850B7,13,1
This Is A Call,Foo Fighters,Foo Fighters,Foo Fighters,0,66BB4E79978E6618,1,1
I'll Stick Around,Foo Fighters,Foo Fighters,Foo Fighters,2,403C2DDCEFD81F0A,2,1
Big Me,Foo Fighters,Foo Fighters,Foo Fighters,0,1106549A983CE4C4,3,1
Alone + Easy Target,Foo Fighters,Foo Fighters,Foo Fighters,0,F44457C56F94A075,4,1
Good Grief,Foo Fighters,Foo Fighters,Foo Fighters,0,D725898AB63A35B3,5,1
Floaty,Foo Fighters,Foo Fighters,Foo Fighters,0,E99AB0115FFF199E,6,1
Weenie Beenie,Foo Fighters,Foo Fighters,Foo Fighters,0,F03F4288676CE94F,7,1
"Oh, George",Foo Fighters,Foo Fighters,Foo Fighters,0,2AC227D532A5F81B,8,1
For All The Cows,Foo Fighters,Foo Fighters,Foo Fighters,0,449902868EB55254,9,1
X-Static,Foo Fighters,Foo Fighters,Foo Fighters,0,9525427D3F660DDE,10,1
Wattershed,Foo Fighters,Foo Fighters,Foo Fighters,0,5FB8113BF0309C76,11,1
Exhausted,Foo Fighters,Foo Fighters,Foo Fighters,0,F08D429B77AE05EE,12,1
This Is A Call,Foo Fighters,Foo Fighters,This Is A Call [Single],0,856234F30D018AC6,1,1
Winnebago,Foo Fighters,Foo Fighters,This Is A Call [Single],0,AF1348C1C2DEC5A6,2,1
Podunk,Foo Fighters,Foo Fighters,This Is A Call [Single],0,9D5378B44255A87B,3,1
The Pretender,Foo Fighters,Foo Fighters,"Triple J: Hottest 100, Vol. 15",0,70D4446234356E8B,21,1
Jacqueline,Franz Ferdinand,Franz Ferdinand,Franz Ferdinand,1,B79CDEC1EC62EE84,1,1
Tell Her Tonight,Franz Ferdinand,Franz Ferdinand,Franz Ferdinand,0,0FFA56911B1CAB54,2,1
Take Me Out,Franz Ferdinand,Franz Ferdinand,Franz Ferdinand,0,99BDC9357B81F823,3,1
The Dark Of The Matinée,Franz Ferdinand,Franz Ferdinand,Franz Ferdinand,0,6778E48E2B5BF534,4,1
Auf Achse,Franz Ferdinand,Franz Ferdinand,Franz Ferdinand,0,10AB7C5601F6D134,5,1
Cheating On You,Franz Ferdinand,Franz Ferdinand,Franz Ferdinand,0,EBBB5BB5C6533E79,6,1
This Fire,Franz Ferdinand,Franz Ferdinand,Franz Ferdinand,0,B032A0D0F0488F16,7,1
Darts Of Pleasure,Franz Ferdinand,Franz Ferdinand,Franz Ferdinand,0,4AB259C05D92340D,8,1
Michael,Franz Ferdinand,Franz Ferdinand,Franz Ferdinand,0,11BECB6698C28D79,9,1
Come On Home,Franz Ferdinand,Franz Ferdinand,Franz Ferdinand,0,6BCD65D55A2095B1,10,1
40',Franz Ferdinand,Franz Ferdinand,Franz Ferdinand,0,ED96F2F5FDF63A75,11,1
Chelsea Dagger,The Fratellis,The Fratellis,"Triple J: Hottest 100, Vol. 15",0,BC48479FE0B1F7BF,19,1
Burnout,Green Day,Green Day,Dookie,0,B7A56030AD9160B4,1,1
Having A Blast,Green Day,Green Day,Dookie,0,3E7A8324BD1D508F,2,1
Chump,Green Day,Green Day,Dookie,0,84CE229DE1D81198,3,1
Longview,Green Day,Green Day,Dookie,0,A7FF97646A494965,4,1
Welcome To Paradise,Green Day,Green Day,Dookie,0,0DCC37DB1D17D81B,5,1
Pulling Teeth,Green Day,Green Day,Dookie,0,095D0C1A2C4C218D,6,1
Basket Case,Green Day,Green Day,Dookie,0,2323ECE936E3EC32,7,1
She,Green Day,Green Day,Dookie,0,A6C983A6996AF1DD,8,1
Sassafras Roots,Green Day,Green Day,Dookie,0,D66099828FC167DE,9,1
When I Come Around,Green Day,Green Day,Dookie,0,9923D3C52A41468C,10,1
Coming Clean,Green Day,Green Day,Dookie,0,A0439C22A9A7ACED,11,1
Emenius Sleepus,Green Day,Green Day,Dookie,0,08409F210095ABFD,12,1
In The End,Green Day,Green Day,Dookie,0,AE06960844CA4C69,13,1
F.O.D./All By Myself,Green Day,Green Day,Dookie,0,F44246BB140446E0,14,1
Snakeskin,Gyroscope,Gyroscope,"Triple J: Hottest 100, Vol. 15",0,017039360CF12569,9,1
I'd Have You Anytime [2020 Mix],George Harrison,George Harrison,All Things Must Pass [50th Anniversary],0,AE649020928FF12F,1,1
My Sweet Lord [2020 Mix],George Harrison,George Harrison,All Things Must Pass [50th Anniversary],0,62306CEA18C29A35,2,1
Wah-Wah [2020 Mix],George Harrison,George Harrison,All Things Must Pass [50th Anniversary],0,81658FC370249D5F,3,1
Isn't It a Pity [Version 1 / 2020 Mix],George Harrison,George Harrison,All Things Must Pass [50th Anniversary],1,37EE1637B17B89B3,4,1
What Is Life [2020 Mix],George Harrison,George Harrison,All Things Must Pass [50th Anniversary],0,00218F7D1EA51BA9,5,1
If Not for You [2020 Mix],George Harrison,George Harrison,All Things Must Pass [50th Anniversary],0,60AF6F8C416FE8B5,6,1
Behind That Locked Door [2020 Mix],George Harrison,George Harrison,All Things Must Pass [50th Anniversary],0,35593F6C7803D160,7,1
Let It Down [2020 Mix],George Harrison,George Harrison,All Things Must Pass [50th Anniversary],0,8D1C7362EBBC98A8,8,1
Run of the Mill [2020 Mix],George Harrison,George Harrison,All Things Must Pass [50th Anniversary],0,07552DE137F98805,9,1
Beware of Darkness [2020 Mix],George Harrison,George Harrison,All Things Must Pass [50th Anniversary],0,9AC2AF2983B778AC,1,2
Apple Scruffs [2020 Mix],George Harrison,George Harrison,All Things Must Pass [50th Anniversary],0,514A1B7CB6B7524E,2,2
Ballad of Sir Frankie Crisp (Let It Roll) [2020 Mix],George Harrison,George Harrison,All Things Must Pass [50th Anniversary],0,11D55A93771AB25C,3,2
Awaiting on You All [2020 Mix],George Harrison,George Harrison,All Things Must Pass [50th Anniversary],0,AAAE929F8E299B63,4,2
All Things Must Pass [2020 Mix],George Harrison,George Harrison,All Things Must Pass [50th Anniversary],0,E3BAF868C305E3ED,5,2
I Dig Love [2020 Mix],George Harrison,George Harrison,All Things Must Pass [50th Anniversary],0,C32706B494B36C65,6,2
Art of Dying [2020 Mix],George Harrison,George Harrison,All Things Must Pass [50th Anniversary],0,A2F28C31759EF935,7,2
Isn't It a Pity [Version 2 / 2020 Mix],George Harrison,George Harrison,All Things Must Pass [50th Anniversary],0,AACE19F9DF237C30,8,2
Hear Me Lord [2020 Mix],George Harrison,George Harrison,All Things Must Pass [50th Anniversary],0,84746DDB5817BA28,9,2
Out of the Blue [Remastered 2020],George Harrison,George Harrison,All Things Must Pass [50th Anniversary],0,0EB15ED2FA435B25,10,2
It's Johnny's Birthday [Remastered 2020],George Harrison,George Harrison,All Things Must Pass [50th Anniversary],0,A7A98103A34292D3,11,2
Plug Me In [Remastered 2020],George Harrison,George Harrison,All Things Must Pass [50th Anniversary],0,54287DB70409C5E8,12,2
I Remember Jeep [Remastered 2020],George Harrison,George Harrison,All Things Must Pass [50th Anniversary],0,96D99F9DB44D9F30,13,2
Thanks for the Pepperoni [Remastered 2020],George Harrison,George Harrison,All Things Must Pass [50th Anniversary],0,E705E668B5997603,14,2
Cloud Nine (2004 Digital Remaster),George Harrison,George Harrison,Cloud Nine,0,E8D941FA2C035A18,1,1
That's What It Takes (2004 Digital Remaster),George Harrison,George Harrison,Cloud Nine,0,082C707420316E6F,2,1
Fish On The Sand (2004 Digital Remaster),George Harrison,George Harrison,Cloud Nine,0,D59F7F34B751D456,3,1
Just For Today (2004 Digital Remaster),George Harrison,George Harrison,Cloud Nine,0,0B75FF36A71BBBC7,4,1
This Is Love (2004 Digital Remaster),George Harrison,George Harrison,Cloud Nine,0,B47698FC5B7677F9,5,1
When We Was Fab (2004 Digital Remaster),George Harrison,George Harrison,Cloud Nine,0,8F9776E446D51D00,6,1
Devil's Radio (2004 Digital Remaster),George Harrison,George Harrison,Cloud Nine,0,CC9CDA0984B5C339,7,1
Someplace Else (2004 Digital Remaster),George Harrison,George Harrison,Cloud Nine,0,71F2F95D3D95871D,8,1
Wreck Of The Hesperus (2004 Digital Remaster),George Harrison,George Harrison,Cloud Nine,0,D80053F4873A4588,9,1
Breath Away From Heaven (2004 Digital Remaster),George Harrison,George Harrison,Cloud Nine,0,CDFB3E7903536695,10,1
Got My Mind Set On You (2004 Digital Remaster),George Harrison,George Harrison,Cloud Nine,1,E2ABBA6E9527A649,11,1
Shanghai Surprise (2004 Digital Remaster),George Harrison,George Harrison,Cloud Nine,0,5B39993E9911278E,12,1
Zig Zag (2004 Digital Remaster),George Harrison,George Harrison,Cloud Nine,0,B167F5D0CA0986BF,13,1
Bad,Michael Jackson,Michael Jackson,Bad,1,3507A6B0AD4D1CC0,1,1
The Way You Make Me Feel,Michael Jackson,Michael Jackson,Bad,0,C0406AB7B579B5B2,2,1
Speed Demon,Michael Jackson,Michael Jackson,Bad,0,6D6E6C42AF885474,3,1
Liberian Girl,Michael Jackson,Michael Jackson,Bad,0,C654253DFAF0F210,4,1
Just Good Friends,Michael Jackson,Michael Jackson,Bad,0,6489358EDBF76D29,5,1
Another Part Of Me,Michael Jackson,Michael Jackson,Bad,0,4632AD37DA7D975F,6,1
Man In The Mirror,Michael Jackson,Michael Jackson,Bad,1,0FF60F1B797950AA,7,1
I Just Can't Stop Loving You,Michael Jackson,Michael Jackson,Bad,0,83EA46ED6C5FE6DB,8,1
Dirty Diana,Michael Jackson,Michael Jackson,Bad,0,5046681F1F701A13,9,1
Smooth Criminal,Michael Jackson,Michael Jackson,Bad,0,4D12CF46746D962E,10,1
Leave Me Alone,Michael Jackson,Michael Jackson,Bad,0,025EF49566FD1DF9,11,1
Wanna Be Startin' Somethin',Michael Jackson,Michael Jackson,Thriller,0,D5DD521D29059D93,1,1
Baby Be Mine,Michael Jackson,Michael Jackson,Thriller,0,D7BB3CDDCE2A6728,2,1
The Girl Is Mine,Michael Jackson + Paul McCartney,Michael Jackson,Thriller,0,FB15DDD84CA3C3BC,3,1
Thriller,Michael Jackson,Michael Jackson,Thriller,1,E08334E702CEFB56,4,1
Beat It,Michael Jackson,Michael Jackson,Thriller,0,CCE50DE4038BDA49,5,1
Billie Jean,Michael Jackson,Michael Jackson,Thriller,0,02724228B7C50A68,6,1
Human Nature,Michael Jackson,Michael Jackson,Thriller,0,D14B458D80EF5C72,7,1
P.Y.T. (Pretty Young Thing),Michael Jackson,Michael Jackson,Thriller,0,F55DC50A8D2F46D3,8,1
The Lady In My Life,Michael Jackson,Michael Jackson,Thriller,0,7CEFD9462BA27947,9,1
Excerpt From Thriller Voiceover Session,Vincent Price,Michael Jackson,Thriller,0,DCBF5A69E5CFE299,10,1
The Girl Is Mine (2008 Remix),Michael Jackson Feat. will.i.am,Michael Jackson,Thriller,0,F58BBB7E213027B2,11,1
P.Y.T. (2008 Remix),Michael Jackson Feat. will.i.am,Michael Jackson,Thriller,0,5E6E1F26046BC669,12,1
Wanna Be Startin' Somethin' (2008 Remix),Michael Jackson Feat. Akon,Michael Jackson,Thriller,0,DE99437B8E31DF25,13,1
Beat It (2008 Remix),Michael Jackson Feat. Fergie,Michael Jackson,Thriller,0,2243DD11C1859B3B,14,1
Billie Jean (2008 Kanye West Remix),Michael Jackson,Michael Jackson,Thriller,0,838287FA757B3B08,15,1
For All Time,Michael Jackson,Michael Jackson,Thriller,0,33833567788CE1BB,16,1
Better Than,The John Butler Trio,The John Butler Trio,"Triple J: Hottest 100, Vol. 15",0,97D75A046E86B212,3,1
Lines On Palms,Josh Pyke,Josh Pyke,"Triple J: Hottest 100, Vol. 15",0,F80DB7DD83C52ACC,18,2
D.A.N.C.E.,Justice,Justice,"Triple J: Hottest 100, Vol. 15",1,A2F92FF5793522DA,14,2
Ruby,Kaiser Chiefs,Kaiser Chiefs,"Triple J: Hottest 100, Vol. 15",0,8B61BA5FB5EDACC1,10,1
On Call,Kings Of Leon,Kings Of Leon,"Triple J: Hottest 100, Vol. 15",0,EC2CAE0A54A42778,4,1
Opinions Won't Keep You Warm At Night,Kisschasy,Kisschasy,"Triple J: Hottest 100, Vol. 15",0,7BCD047766F41864,13,2
Golden Skans,Klaxons,Klaxons,"Triple J: Hottest 100, Vol. 15",2,717415F9D32A8698,8,2
Hurricane,Kyuss,Kyuss,...And The Circus Leaves Town,0,FBCD647454E5321E,1,1
One Inch Man,Kyuss,Kyuss,...And The Circus Leaves Town,0,DAEB88DA273511A9,2,1
Thee Ol' Boozeroony,Kyuss,Kyuss,...And The Circus Leaves Town,0,F336EC71B4B571D2,3,1
Gloria Lewis,Kyuss,Kyuss,...And The Circus Leaves Town,0,DB21BBED033E4802,4,1
Phototropic,Kyuss,Kyuss,...And The Circus Leaves Town,0,6F5FD8D770260405,5,1
El Rodeo,Kyuss,Kyuss,...And The Circus Leaves Town,2,1600443F006D1806,6,1
Jumbo Blimp Jumbo,Kyuss,Kyuss,...And The Circus Leaves Town,0,D4A29B1D2D42A878,7,1
Tangy Zizzle,Kyuss,Kyuss,...And The Circus Leaves Town,0,27C64306FC1955B6,8,1
Size Queen,Kyuss,Kyuss,...And The Circus Leaves Town,0,B631FCE133961FBA,9,1
Catamaran,Kyuss,Kyuss,...And The Circus Leaves Town,0,8FD0D0D5FBA8290F,10,1
Spaceship Landing,Kyuss,Kyuss,...And The Circus Leaves Town,0,7F6626D96FD85832,11,1
Gardenia,Kyuss,Kyuss,Welcome To Sky Valley,0,A797C85693B681B4,1,1
Asteroid,Kyuss,Kyuss,Welcome To Sky Valley,0,2E4B973804D445FE,2,1
Supa Scoopa And Mighty Scoop,Kyuss,Kyuss,Welcome To Sky Valley,0,FDF8541A67954E2A,3,1
100°,Kyuss,Kyuss,Welcome To Sky Valley,1,AB6FC0A30D1BBAA4,4,1
Space Cadet,Kyuss,Kyuss,Welcome To Sky Valley,0,66A76EFEF696E360,5,1
Demon Cleaner,Kyuss,Kyuss,Welcome To Sky Valley,0,FD48606C32D1EE7F,6,1
Odyssey,Kyuss,Kyuss,Welcome To Sky Valley,0,5DDCC6658931D3F8,7,1
Conan Troutman,Kyuss,Kyuss,Welcome To Sky Valley,0,30C5ECA204B6EF80,8,1
N.O.,Kyuss,Kyuss,Welcome To Sky Valley,0,4886CBB7B5BE7C95,9,1
Whitewater,Kyuss,Kyuss,Welcome To Sky Valley,0,1DF15E6917C6D858,10,1
(Beginning Of What's About To Happen) Hwy 74,Kyuss,Kyuss,Wretch,0,281C0D38F9CCB818,1,1
Love Has Passed Me By,Kyuss,Kyuss,Wretch,0,74EF82AA76370080,2,1
Son Of A Bitch,Kyuss,Kyuss,Wretch,0,9B8388950E3938FC,3,1
Black Widow,Kyuss,Kyuss,Wretch,0,D27471F3FEDFF695,4,1
Katzenjammer,Kyuss,Kyuss,Wretch,0,E724058B7D124048,5,1
Deadly Kiss,Kyuss,Kyuss,Wretch,0,A9887F6C36A2E90E,6,1
The Law,Kyuss,Kyuss,Wretch,0,73C07169F5E4FC0D,7,1
Isolation,Kyuss,Kyuss,Wretch,0,1DB2F219E0D9E854,8,1
I'm Not,Kyuss,Kyuss,Wretch,0,D225C0F0F414038D,9,1
Big Bikes,Kyuss,Kyuss,Wretch,0,1AF6E55ADFD4F552,10,1
Stage Ill,Kyuss,Kyuss,Wretch,0,1776FF3112A7C8A7,11,1
Black Dog,Led Zeppelin,Led Zeppelin,Led Zeppelin IV,0,8B3E5F4141F16802,1,1
Rock And Roll,Led Zeppelin,Led Zeppelin,Led Zeppelin IV,0,7BC9D2322689F87D,2,1
The Battle Of Evermore,Led Zeppelin,Led Zeppelin,Led Zeppelin IV,0,855E2CE34BCF7189,3,1
Stairway To Heaven,Led Zeppelin,Led Zeppelin,Led Zeppelin IV,0,266CC0B9BB6422F3,4,1
Misty Mountain Hop,Led Zeppelin,Led Zeppelin,Led Zeppelin IV,0,6EC635C447AE30E9,5,1
Four Sticks,Led Zeppelin,Led Zeppelin,Led Zeppelin IV,0,76017BA85C3B85E9,6,1
Going To California,Led Zeppelin,Led Zeppelin,Led Zeppelin IV,0,895DA0064897E39E,7,1
When The Levee Breaks,Led Zeppelin,Led Zeppelin,Led Zeppelin IV,0,56F3BF86B0C27210,8,1
Imagine,John Lennon,John Lennon,Imagine,0,43E78D13B2CC41B3,1,1
Crippled Inside,John Lennon,John Lennon,Imagine,0,2204815E25F55ABD,2,1
Jealous Guy,John Lennon,John Lennon,Imagine,0,85DB7DF109A0FD62,3,1
It's So Hard,John Lennon,John Lennon,Imagine,0,2063825EC08B5B84,4,1
I Don't Wanna Be A Soldier Mama,John Lennon,John Lennon,Imagine,0,B565899D51964689,5,1
Give Me Some Truth,John Lennon,John Lennon,Imagine,0,8BEB9A0C68B58CC3,6,1
Oh My Love,John Lennon,John Lennon,Imagine,0,FAE73D2C7BECCD86,7,1
How Do You Sleep?,John Lennon,John Lennon,Imagine,0,77288255E24C5A5B,8,1
How?,John Lennon,John Lennon,Imagine,0,EF5B359A9C71CB0E,9,1
Oh Yoko!,John Lennon,John Lennon,Imagine,0,CCBAC84602FCDE34,10,1
Superstar,Lupe Fiasco,Lupe Fiasco,"Triple J: Hottest 100, Vol. 15",0,7A6962CA9C740A69,15,2
Paper Planes,M.I.A.,M.I.A.,"Triple J: Hottest 100, Vol. 15",0,08C16F00A56742C8,16,1
Harder To Breathe,Maroon 5,Maroon 5,Songs About Jane,0,BE0D962E77BD2260,1,1
This Love,Maroon 5,Maroon 5,Songs About Jane,0,BB5838302C706E9A,2,1
Shiver,Maroon 5,Maroon 5,Songs About Jane,0,79AC09F66BAD45D1,3,1
She Will Be Loved,Maroon 5,Maroon 5,Songs About Jane,0,86BA9182B4131A97,4,1
Tangled,Maroon 5,Maroon 5,Songs About Jane,0,4D36FFB34F3C07D1,5,1
The Sun,Maroon 5,Maroon 5,Songs About Jane,0,F548E63B97782F87,6,1
Must Get Out,Maroon 5,Maroon 5,Songs About Jane,0,1CBCFC6659024DF5,7,1
Sunday Morning,Maroon 5,Maroon 5,Songs About Jane,0,AC426457A59D95E4,8,1
Secret,Maroon 5,Maroon 5,Songs About Jane,0,E6C558D1ED510F4D,9,1
Through With You,Maroon 5,Maroon 5,Songs About Jane,0,2BA23F9A71D3005A,10,1
Not Coming Home,Maroon 5,Maroon 5,Songs About Jane,0,A486A2B35929DAB4,11,1
Sweetest Goodbye,Maroon 5,Maroon 5,Songs About Jane,1,47913525C441AC79,12,1
Cygnus....Vismund Cygnus,The Mars Volta,The Mars Volta,Frances The Mute,0,14CDDFA3BC743505,1,1
The Widow,The Mars Volta,The Mars Volta,Frances The Mute,0,EF1898E3BB667A78,2,1
L'Via L'Viaquez,The Mars Volta,The Mars Volta,Frances The Mute,0,52FA40FBFCBEF6B6,3,1
Miranda That Ghost Just Isn't Holy Anymore,The Mars Volta,The Mars Volta,Frances The Mute,0,8F182D4844A056D5,4,1
Cassandra Gemini: Tarantism / Plant a Nail in the Navel Stream,The Mars Volta,The Mars Volta,Frances The Mute,1,8A1EAF124AD839F7,5,1
Cassandra Gemini: Faminepulse Pt. 1,The Mars Volta,The Mars Volta,Frances The Mute,0,076C9E17B5F79D8A,6,1
Cassandra Gemini: Faminepulse Pt. 2,The Mars Volta,The Mars Volta,Frances The Mute,2,CB47A22848ED3950,7,1
Cassandra Gemini: Faminepulse Pt. 3,The Mars Volta,The Mars Volta,Frances The Mute,0,F85287449773583D,8,1
Cassandra Gemini: Multiple Spouse Wounds Pt. 1,The Mars Volta,The Mars Volta,Frances The Mute,0,386C27762B6F1BAF,9,1
Cassandra Gemini: Multiple Spouse Wounds Pt. 2,The Mars Volta,The Mars Volta,Frances The Mute,0,16BE643ED937BD23,10,1
Cassandra Gemini: Multiple Spouse Wounds Pt. 3,The Mars Volta,The Mars Volta,Frances The Mute,0,EDB96A4294C73C8D,11,1
Cassandra Gemini: Sarcophagi,The Mars Volta,The Mars Volta,Frances The Mute,0,9C8EE4B2284A15A8,12,1
Wake Up Dead,Megadeth,Megadeth,Peace Sells... But Who's Buying?,0,BB056D656A95AA4C,1,1
The Conjuring,Megadeth,Megadeth,Peace Sells... But Who's Buying?,0,A1EA38A1CAB6A301,2,1
Peace Sells,Megadeth,Megadeth,Peace Sells... But Who's Buying?,2,913E7DF7EF687770,3,1
Devils Island,Megadeth,Megadeth,Peace Sells... But Who's Buying?,0,A3EA0EC81809BACA,4,1
Good Mourning / Black Friday,Megadeth,Megadeth,Peace Sells... But Who's Buying?,0,E222552D71E836AE,5,1
Bad Omen,Megadeth,Megadeth,Peace Sells... But Who's Buying?,0,5D9FB94F96AC939E,6,1
I Ain't Superstitious,Megadeth,Megadeth,Peace Sells... But Who's Buying?,0,70985B576A06B3B8,7,1
My Last Words,Megadeth,Megadeth,Peace Sells... But Who's Buying?,0,CE04C346DD5382D2,8,1
Wake Up Dead (Randy Burns Mix),Megadeth,Megadeth,Peace Sells... But Who's Buying?,0,97669DAD4A049A5D,9,1
The Conjuring (Randy Burns Mix),Megadeth,Megadeth,Peace Sells... But Who's Buying?,0,377C02748C537256,10,1
Peace Sells (Randy Burns Mix),Megadeth,Megadeth,Peace Sells... But Who's Buying?,0,DCB391D64C9E0477,11,1
Good Mourning / Black Friday (Randy Burns Mix),Megadeth,Megadeth,Peace Sells... But Who's Buying?,0,2AAD4BDF5967B755,12,1
Blackened,Metallica,Metallica,...And Justice For All,0,E18C6361027C6567,1,1
...And Justice For All,Metallica,Metallica,...And Justice For All,0,C32B70F69E56550D,2,1
Eye Of The Beholder,Metallica,Metallica,...And Justice For All,0,5F06570EFA05391B,3,1
One,Metallica,Metallica,...And Justice For All,0,B9B9D6DF1D35954C,4,1
The Shortest Straw,Metallica,Metallica,...And Justice For All,0,826C9233AE1DAF15,5,1
Harvester Of Sorrow,Metallica,Metallica,...And Justice For All,0,B604B71D3AE64FB1,6,1
The Frayed Ends Of Sanity,Metallica,Metallica,...And Justice For All,0,9DB2C3BB2ADF752A,7,1
To Live Is To Die,Metallica,Metallica,...And Justice For All,0,A2F837822E6F27AC,8,1
Dyers Eve,Metallica,Metallica,...And Justice For All,0,C8DFD38B46805CB2,9,1
Into The Galaxy,Midnight Juggernauts,Midnight Juggernauts,"Triple J: Hottest 100, Vol. 15",1,84B5AC40169717B4,15,1
Peachy,Missy Higgins,Missy Higgins,"Triple J: Hottest 100, Vol. 15",0,C08ABDDBDBD414D9,17,2
Dashboard,Modest Mouse,Modest Mouse,"Triple J: Hottest 100, Vol. 15",0,BDFDBD7CEDF25CC8,13,1
Ice Cream,Muscles,Muscles,"Triple J: Hottest 100, Vol. 15",0,6612108487041FFD,11,2
Intro,Muse,Muse,Absolution,0,28B7B71BB11F9FBD,1,1
Apocalypse Please,Muse,Muse,Absolution,0,FA0C0A2F31B2F450,2,1
Time Is Running Out,Muse,Muse,Absolution,0,2ACFA479FA0DDD17,3,1
Sing For Absolution,Muse,Muse,Absolution,0,E05C7A0B925233A7,4,1
Stockholm Syndrome,Muse,Muse,Absolution,0,58ED2B591858ABB4,5,1
Falling Away With You,Muse,Muse,Absolution,0,FCE64249D8AD6F27,6,1
Interlude,Muse,Muse,Absolution,0,A4DD091DFB1C3BB4,7,1
Hysteria,Muse,Muse,Absolution,0,620983861B376486,8,1
Blackout,Muse,Muse,Absolution,0,4BB739C1BE02DEAC,9,1
Butterflies & Hurricanes,Muse,Muse,Absolution,0,DC39EB53ADA5AB58,10,1
The Small Print,Muse,Muse,Absolution,0,6BBCC86FF7BD468F,11,1
Endlessly,Muse,Muse,Absolution,0,626935570C8C4002,12,1
Thoughts Of A Dying Atheist,Muse,Muse,Absolution,0,5DB7CB1285797CE1,13,1
Ruled By Secrecy,Muse,Muse,Absolution,0,3F4465099E365356,14,1
Intro,Muse,Muse,Absolution XX Anniversary,0,B26B57DF6F809ABE,1,1
Apocalypse Please,Muse,Muse,Absolution XX Anniversary,0,8488D29B673A7BB4,2,1
Time Is Running Out,Muse,Muse,Absolution XX Anniversary,0,3A7A0EBE9912D447,3,1
Sing For Absolution,Muse,Muse,Absolution XX Anniversary,0,8835D388F452CE2C,4,1
Stockholm Syndrome,Muse,Muse,Absolution XX Anniversary,2,C05C71A42AE1DF15,5,1
Falling Away With You,Muse,Muse,Absolution XX Anniversary,0,B1397E94B640C064,6,1
Interlude,Muse,Muse,Absolution XX Anniversary,0,27F195E9D4016DA3,7,1
Hysteria,Muse,Muse,Absolution XX Anniversary,0,9764610D6EF312CB,8,1
Blackout,Muse,Muse,Absolution XX Anniversary,0,892798FDE148F13E,9,1
Butterflies & Hurricanes,Muse,Muse,Absolution XX Anniversary,0,1C0AC0566662DCE7,10,1
The Small Print,Muse,Muse,Absolution XX Anniversary,3,CE65C90CB8BB1210,11,1
Fury,Muse,Muse,Absolution XX Anniversary,2,86731E5E1199425D,12,1
Endlessly,Muse,Muse,Absolution XX Anniversary,0,A1E1F692942AF0C8,13,1
Thoughts Of A Dying Atheist,Muse,Muse,Absolution XX Anniversary,0,F485760360D63C11,14,1
Ruled By Secrecy,Muse,Muse,Absolution XX Anniversary,0,63EFA4B968A451D9,15,1
Apocalypse Please [Vocals and Keyboard Only],Muse,Muse,Absolution XX Anniversary,0,03BDD08BD19A1ED2,1,2
"Time is Running Out [Live at Wiltern Theatre, L.A., CA, 12/9/2004]",Muse,Muse,Absolution XX Anniversary,0,F2622D7FA9C9309E,2,2
"Sing for Absolution [Live at Théâtre Antique de Vienne, Vienne, France, 7/18/2004]",Muse,Muse,Absolution XX Anniversary,0,432D8E1FC686B621,3,2
Falling Away With You [Demo 2002],Muse,Muse,Absolution XX Anniversary,0,681F23D540F5B592,4,2
Hysteria [Demo 2002],Muse,Muse,Absolution XX Anniversary,2,1890FB483EF7A2BA,5,2
"Hysteria [Live at Earl's Court, London, England, 12/18 & 19/2004]",Muse,Muse,Absolution XX Anniversary,0,40C06E7EC9646005,6,2
"Blackout [Live at Théâtre Antique de Vienne, Vienne, France, 7/18/2004]",Muse,Muse,Absolution XX Anniversary,0,A20DCF2B535C65B4,7,2
"Butterflies & Hurricanes [Vocal, Keyboard and Strings Only]",Muse,Muse,Absolution XX Anniversary,0,B453FF015602B905,8,2
"Endlessly [Live at the Columbiahalle, Berlin, Germany, 10/21/2003]",Muse,Muse,Absolution XX Anniversary,0,C96166B52126A8CC,9,2
"Thoughts of a Dying Atheist [Live at Wiltern Theatre, L.A., CA, 12/9/2004]",Muse,Muse,Absolution XX Anniversary,0,C5FA60A3DDDCE8D6,10,2
Ruled by Secrecy [Vocals and Keyboard Only],Muse,Muse,Absolution XX Anniversary,0,18E4A2A27F57C391,11,2
Take A Bow,Muse,Muse,Black Holes And Revelations,0,4BA79B0778B69352,1,1
Starlight,Muse,Muse,Black Holes And Revelations,0,797F21ABCB7CAA3C,2,1
Supermassive Black Hole,Muse,Muse,Black Holes And Revelations,0,F59226681D2CE464,3,1
Map Of The Problematique,Muse,Muse,Black Holes And Revelations,1,BAF789E8DDBD5404,4,1
Soldier's Poem,Muse,Muse,Black Holes And Revelations,0,2BACC339F5E1E00A,5,1
Invincible,Muse,Muse,Black Holes And Revelations,0,7EF801198084E118,6,1
Assassin,Muse,Muse,Black Holes And Revelations,0,887088D240E36EBE,7,1
Exo-Politics,Muse,Muse,Black Holes And Revelations,0,904174A4B9C839B4,8,1
City Of Delusion,Muse,Muse,Black Holes And Revelations,0,D36577EEA84CCC9C,9,1
Hoodoo,Muse,Muse,Black Holes And Revelations,1,F3AD11B8727A9179,10,1
Knights Of Cydonia,Muse,Muse,Black Holes And Revelations,0,ADE0DEB2F5E52819,11,1
Dead Star,Muse,Muse,Dead Star / In Your World [Single],2,6C1727E6D1E91E8D,1,1
In Your World,Muse,Muse,Dead Star / In Your World [Single],0,5D273B29D014DBA5,2,1
Futurism,Muse,Muse,Dead Star / In Your World [Single],3,3F6EF2502898196A,3,1
Dead Inside,Muse,Muse,Drones,0,820A55292B1C497A,1,1
[Drill Sergeant],Muse,Muse,Drones,0,41E77009A74781DD,2,1
Psycho,Muse,Muse,Drones,0,7D569BE2A3B1F960,3,1
Mercy,Muse,Muse,Drones,0,B0A08E844AB2AFF8,4,1
Reapers,Muse,Muse,Drones,0,CFE85F21C23C31C5,5,1
The Handler,Muse,Muse,Drones,0,D1FE92529248AB6A,6,1
[JFK],Muse,Muse,Drones,0,0F80ADD3DF08607B,7,1
Defector,Muse,Muse,Drones,0,2FF28A25CDF09E96,8,1
Revolt,Muse,Muse,Drones,0,E25DE9C9E0967E91,9,1
Aftermath,Muse,Muse,Drones,0,6540A3F33474C6EE,10,1
The Globalist,Muse,Muse,Drones,0,B81331E89574047C,11,1
Drones,Muse,Muse,Drones,0,10D28CE5BAD0572F,12,1
Intro,Muse,Muse,HAARP [Live],0,E7A7F416AB8FD313,1,1
Knights Of Cydonia,Muse,Muse,HAARP [Live],0,67C349155D368E35,2,1
Hysteria,Muse,Muse,HAARP [Live],0,B459520511D405C0,3,1
Supermassive Black Hole,Muse,Muse,HAARP [Live],0,C38CE84429C4CE71,4,1
Map Of The Problematique,Muse,Muse,HAARP [Live],0,19965DBED6294B2B,5,1
Butterflies & Hurricanes,Muse,Muse,HAARP [Live],0,E2B3A7F8821954CC,6,1
Invincible,Muse,Muse,HAARP [Live],0,10DE83AD55419833,7,1
Starlight,Muse,Muse,HAARP [Live],0,9063A32822B43846,8,1
Time Is Running Out,Muse,Muse,HAARP [Live],0,F3547936D492B77C,9,1
New Born,Muse,Muse,HAARP [Live],0,1E503503F1B52439,10,1
Unintended,Muse,Muse,HAARP [Live],0,FFED2931E6151397,11,1
Micro Cuts,Muse,Muse,HAARP [Live],0,E1A6E2EE3AED3ED4,12,1
Stockholm Syndrome,Muse,Muse,HAARP [Live],0,66A86B329B112E09,13,1
Take A Bow,Muse,Muse,HAARP [Live],0,CAA0CEDE2DD92FD7,14,1
Forced In,Muse,Muse,Hullabaloo Soundtrack,0,CB5F058DBC317AD9,1,1
Shrinking Universe,Muse,Muse,Hullabaloo Soundtrack,1,CBE1A1CEDCBFF70A,2,1
Recess,Muse,Muse,Hullabaloo Soundtrack,0,8B10CE756BDFBAF3,3,1
Yes Please,Muse,Muse,Hullabaloo Soundtrack,2,E064BB138516362B,4,1
Map Of Your Head,Muse,Muse,Hullabaloo Soundtrack,0,A62370CD3412A0B8,5,1
Nature_1,Muse,Muse,Hullabaloo Soundtrack,0,B4DBBFCF941897C8,6,1
Shine Acoustic,Muse,Muse,Hullabaloo Soundtrack,0,8C70C97D7F916481,7,1
Ashamed,Muse,Muse,Hullabaloo Soundtrack,0,BB1F2838E6999CA4,8,1
The Gallery,Muse,Muse,Hullabaloo Soundtrack,1,05335411E984F310,9,1
Hyper Chondriac Music,Muse,Muse,Hullabaloo Soundtrack,0,30FEF42155D363D9,10,1
Dead Star (Live From Paris),Muse,Muse,Hullabaloo Soundtrack,0,01F488F88EBC65EC,1,2
Micro Cuts (Live From Paris),Muse,Muse,Hullabaloo Soundtrack,0,4CF6931141EE51CF,2,2
Citizen Erased (Live From Paris),Muse,Muse,Hullabaloo Soundtrack,0,A5D93A47D0FB65B9,3,2
Showbiz (Live From Paris),Muse,Muse,Hullabaloo Soundtrack,0,42D4BE54C0BACA3B,4,2
Megalomania,Muse,Muse,Hullabaloo Soundtrack,0,7BE79F905045A119,5,2
Dark Shines (Live From Paris),Muse,Muse,Hullabaloo Soundtrack,0,32CB96B9B56D8D06,6,2
Screenager (Live From Paris),Muse,Muse,Hullabaloo Soundtrack,0,3BCC7FB5EAAB94BB,7,2
Space Dementia (Live From Paris),Muse,Muse,Hullabaloo Soundtrack,0,5ED96B81156B116E,8,2
In Your World (Live From Paris),Muse,Muse,Hullabaloo Soundtrack,0,0EA8D3B78ABB433B,9,2
"Muscle Museum (Live At Le Zénith, Paris, France, 28/29 October 2001)",Muse,Muse,Hullabaloo Soundtrack,0,6C20A95E871B2856,10,2
Agitated (Live From Paris),Muse,Muse,Hullabaloo Soundtrack,0,70310942C05E5498,11,2
Hysteria,Muse,Muse,Hysteria [Single],0,47CBE1174F1119CF,1,1
Eternally Missed,Muse,Muse,Hysteria [Single],2,916163BCA3DB5CA6,2,1
Supremacy [Live],Muse,Muse,Live At Rome Olympic Stadium,1,57C3D8CC53318E3F,1,1
Panic Station [Live],Muse,Muse,Live At Rome Olympic Stadium,0,58DD5BA387524002,2,1
Resistance [Live],Muse,Muse,Live At Rome Olympic Stadium,0,2519716344103606,3,1
Hysteria [Live],Muse,Muse,Live At Rome Olympic Stadium,0,A4F8A451FA5A8B86,4,1
Animals [Live],Muse,Muse,Live At Rome Olympic Stadium,0,60D2FD47EC899293,5,1
Knights Of Cydonia [Live],Muse,Muse,Live At Rome Olympic Stadium,0,898CFA0A4C52E6EB,6,1
Explorers [Live],Muse,Muse,Live At Rome Olympic Stadium,0,3387BFFE2810A578,7,1
Follow Me [Live],Muse,Muse,Live At Rome Olympic Stadium,0,AF5BCEBBE59D878C,8,1
Madness [Live],Muse,Muse,Live At Rome Olympic Stadium,0,21494ECA9DE9920B,9,1
Guiding Light [Live],Muse,Muse,Live At Rome Olympic Stadium,0,F4445719951557B2,10,1
Supermassive Black Hole [Live],Muse,Muse,Live At Rome Olympic Stadium,0,ACC00190A69732B3,11,1
Uprising [Live],Muse,Muse,Live At Rome Olympic Stadium,0,BE84C328208A0964,12,1
Starlight [Live],Muse,Muse,Live At Rome Olympic Stadium,0,597ED5AB4D672483,13,1
Muscle Museum,Muse,Muse,Muscle Musuem [EP],1,BB44131A96D37256,1,1
Sober,Muse,Muse,Muscle Musuem [EP],2,894D411A7EF94E38,2,1
Uno,Muse,Muse,Muscle Musuem [EP],1,AC2F9FCCFD686A90,3,1
Unintended,Muse,Muse,Muscle Musuem [EP],0,C4F061C7CE7190BD,1,2
Pink Ego Box,Muse,Muse,Muscle Musuem [EP],0,A0521E04BE9C47C0,2,2
Muscle Museum 2,Muse,Muse,Muscle Musuem [EP],0,BDED79BF80051952,3,2
Muscle Musuem (Album Version),Muse,Muse,Muscle Musuem [Single],0,FCBE4FAFB85D0B30,1,1
Do We Need This?,Muse,Muse,Muscle Musuem [Single],0,3F930D93928D349C,2,1
Pink Ego Box,Muse,Muse,Muscle Musuem [Single],0,8B59A5FE45CF661A,3,1
Muscle Musuem (Live Accoustic),Muse,Muse,Muscle Musuem [Single],0,83CAA5245A778B05,4,1
Overdue,Muse,Muse,Muse [EP],1,ECE9D1F8A99F1B4B,1,1
Cave,Muse,Muse,Muse [EP],2,055E0C8B9F2ACC92,2,1
Coma,Muse,Muse,Muse [EP],2,000E93344D0EB30F,3,2
Escape,Muse,Muse,Muse [EP],0,3186C38FB8E29316,4,2
Cave (Newton Abbot Demo),Muse,Muse,Origin Of Muse,0,2BE384914C554692,1,1
Rain (Newton Abbot Demo),Muse,Muse,Origin Of Muse,0,44EF435F1BFF05EE,2,1
Agitated (Newton Abbot Demo),Muse,Muse,Origin Of Muse,0,43FFD1615F5E8AE5,3,1
Crazy Days (Newton Abbot Demo),Muse,Muse,Origin Of Muse,0,FDEB53FB04588928,4,1
Coma (Newton Abbot Demo),Muse,Muse,Origin Of Muse,0,C9C6076A78B5CA42,5,1
Connect The Kettle Lead (Newton Abbot Demo),Muse,Muse,Origin Of Muse,1,A8F1D315AB320E18,6,1
Balloonatic (Newton Abbot Demo),Muse,Muse,Origin Of Muse,0,ED1F456DCC5FF16A,7,1
Boredom (Newton Abbot Demo),Muse,Muse,Origin Of Muse,0,A7B0F55D06811BA0,8,1
Sober (Newton Abbot Demo),Muse,Muse,Origin Of Muse,0,B90FEB22670B46B4,9,1
Jimmy Kane (Newton Abbot Demo),Muse,Muse,Origin Of Muse,0,2EF7DD01C31400BA,10,1
Ashamed (Newton Abbot Demo),Muse,Muse,Origin Of Muse,0,E43EE1F74744FCFD,11,1
Plug In Baby (Newton Abbot Demo),Muse,Muse,Origin Of Muse,0,3DD424B113A4FFB0,12,1
Earthquake (Newton Abbot Demo),Muse,Muse,Origin Of Muse,0,F5FCCEDB38F902CC,13,1
Good News (Newton Abbot Demo),Muse,Muse,Origin Of Muse,1,2694FE0DA6F4CFFD,14,1
Overdue (Newton Abbot Demo),Muse,Muse,Origin Of Muse,0,4C7E6E15131BC96B,15,1
Overdue (EP Version),Muse,Muse,Origin Of Muse,0,E866CCB8D7FBD417,1,2
Cave (EP Version),Muse,Muse,Origin Of Muse,0,2977197096A98F1B,2,2
Coma (EP Version),Muse,Muse,Origin Of Muse,0,D9623CB8DCF40AFE,3,2
Escape (EP Version),Muse,Muse,Origin Of Muse,0,FD08A7907B0D60C6,4,2
Muscle Museum (EP Version),Muse,Muse,Origin Of Muse,0,0563FA4FC27CF7EB,5,2
Sober (EP Version),Muse,Muse,Origin Of Muse,1,E425CF0965EEA58E,6,2
Uno (EP Version),Muse,Muse,Origin Of Muse,1,D0926E3C09D8627E,7,2
Unintended (EP Version),Muse,Muse,Origin Of Muse,0,C02E1A19399EBF3F,8,2
Pink Ego Box (EP Version),Muse,Muse,Origin Of Muse,0,C9ECC4A015B4EA32,9,2
(Muscle Museum) #2,Muse,Muse,Origin Of Muse,0,BD235085D3CF3B5A,10,2
"Showbiz (Live, Sawmills Studios, 1998)",Muse,Muse,Origin Of Muse,0,73E8B5FE346B37AE,11,2
"Do We Need This (Live, Fortress Studios, 1999)",Muse,Muse,Origin Of Muse,0,A1011335005C2623,12,2
"Sunburn (Live, Fortress Studios, 1999)",Muse,Muse,Origin Of Muse,1,D61600BDEB995EC9,13,2
"Overdue (Live, Fortress Studios, 1999)",Muse,Muse,Origin Of Muse,0,E286BDCDF71F6914,14,2
"Uno (Alternate Version, Rak Studios, 1999)",Muse,Muse,Origin Of Muse,0,E8BE59E31F787B59,15,2
Sunburn,Muse,Muse,Origin Of Muse,0,BD89C6283115ADAC,1,3
Muscle Museum,Muse,Muse,Origin Of Muse,0,BEB5F311CE9B62AB,2,3
Fillip,Muse,Muse,Origin Of Muse,0,110B2EF79E963A3E,3,3
Falling Down,Muse,Muse,Origin Of Muse,0,B53D83BF18AD5F9F,4,3
Cave,Muse,Muse,Origin Of Muse,0,1FE5FAD2D15DA84C,5,3
Showbiz,Muse,Muse,Origin Of Muse,0,48338BEF8A9FD126,6,3
Unintended,Muse,Muse,Origin Of Muse,0,E86A1E961E575818,7,3
Uno,Muse,Muse,Origin Of Muse,0,937F67FB118E7072,8,3
Sober,Muse,Muse,Origin Of Muse,0,1203CB8F0D4AD92F,9,3
Spiral Static (Bonus Track),Muse,Muse,Origin Of Muse,1,F9CC2BE40D2C4DE2,10,3
Escape,Muse,Muse,Origin Of Muse,0,DB78A6F6464EF3FE,11,3
Overdue,Muse,Muse,Origin Of Muse,0,860857E99268B4D6,12,3
Hate This & Iíll Love You,Muse,Muse,Origin Of Muse,0,62C00BC11156E5B8,13,3
Recess (Unreleased Alternate Version 1999),Muse,Muse,Origin Of Muse,0,B0601084B2D9A519,1,4
Jimmy Kane,Muse,Muse,Origin Of Muse,0,ABD269547CB910D1,2,4
Forced In,Muse,Muse,Origin Of Muse,0,B288ACD122DAD9DE,3,4
Agitated,Muse,Muse,Origin Of Muse,0,8FA2DE62E20D1B3E,4,4
Twin,Muse,Muse,Origin Of Muse,0,87DA9C097A24C3FA,5,4
Host,Muse,Muse,Origin Of Muse,1,DF012394B1719BCC,6,4
Do We Need This?,Muse,Muse,Origin Of Muse,0,83560CAE7E58DAF8,7,4
Con-Science,Muse,Muse,Origin Of Muse,0,69CBB47F9420AAB0,8,4
Minimum,Muse,Muse,Origin Of Muse,0,E09A594D914AB01B,9,4
Ashamed,Muse,Muse,Origin Of Muse,0,78537CE344B9BB71,10,4
Yes Please,Muse,Muse,Origin Of Muse,0,9F9CE0FAD8BED0DF,11,4
Recess,Muse,Muse,Origin Of Muse,0,CECB519081E86A4F,12,4
Nishe,Muse,Muse,Origin Of Muse,0,68ED35A9046A5857,13,4
"Uno (Live Portsmouth, 1999)",Muse,Muse,Origin Of Muse,0,E6E8F58C63190C79,1,5
"Cave (Live Portsmouth, 1999)",Muse,Muse,Origin Of Muse,0,7E299D80ECCE5EF8,2,5
"Muscle Museum (Live Portsmouth, 1999)",Muse,Muse,Origin Of Muse,0,FA4CF67C7E2FACCD,3,5
"Falling Down (Live Portsmouth, 1999)",Muse,Muse,Origin Of Muse,0,FC97FF98C5AABFAD,4,5
"Fillip (Live Portsmouth, 1999)",Muse,Muse,Origin Of Muse,0,0742A20ABCCF9C3D,5,5
"Do We Need This (Live Portsmouth, 1999)",Muse,Muse,Origin Of Muse,1,C64587DE29BD2D22,6,5
"Agitated (Live London, 2000)",Muse,Muse,Origin Of Muse,1,7B766A89013C8315,7,5
"Sunburn (Live London, 2000)",Muse,Muse,Origin Of Muse,0,9EC50FD7B5E98490,8,5
"Plug In Baby (Live London, 2000)",Muse,Muse,Origin Of Muse,0,CBFBB791470C0D0D,9,5
"Showbiz (Live London, 2000)",Muse,Muse,Origin Of Muse,0,6D8E202CC2F9E19B,10,5
Cave (Acoustic Live Demo 1999),Muse,Muse,Origin Of Muse,0,095579768CE82577,11,5
Muscle Museum (Acoustic Live Demo 1999),Muse,Muse,Origin Of Muse,0,A240A22B66E67EBC,12,5
Micro Cuts (Instrumental Demo),Muse,Muse,Origin Of Muse,0,3569522ADD7A0B2D,1,6
Feeling Good (Instrumental Demo),Muse,Muse,Origin Of Muse,0,4D8609DE2360537D,2,6
Space Dementia (Instrumental Demo),Muse,Muse,Origin Of Muse,0,DE46385702DFA9C4,3,6
Hyper Music (Instrumental Demo),Muse,Muse,Origin Of Muse,0,B77412FB4D102D1A,4,6
Citizen Erased (Instrumental Demo),Muse,Muse,Origin Of Muse,0,974BE5C5A71B8AB8,5,6
Megalomania (Instrumental Demo),Muse,Muse,Origin Of Muse,1,8E43878E739F717C,6,6
Screenager (Instrumental Demo),Muse,Muse,Origin Of Muse,0,A7F2484F57CABE53,7,6
Shrinking Universe (Instrumental Demo),Muse,Muse,Origin Of Muse,0,2BD1CA7168148757,8,6
Shine (Instrumental Demo),Muse,Muse,Origin Of Muse,0,9170315E791CC2A7,9,6
New Born,Muse,Muse,Origin Of Muse,0,1A3B54E1873BC362,1,7
Bliss,Muse,Muse,Origin Of Muse,0,6094ADFCF7B3A693,2,7
Space Dementia,Muse,Muse,Origin Of Muse,0,EFBB98C01034AC06,3,7
Hyper Music,Muse,Muse,Origin Of Muse,0,386FE1C868896323,4,7
Plug In Baby,Muse,Muse,Origin Of Muse,0,E3C6030C54C7EC09,5,7
Citizen Erased,Muse,Muse,Origin Of Muse,0,3DE4FF25547EF262,6,7
Micro Cuts,Muse,Muse,Origin Of Muse,0,60C20B2E1E177493,7,7
Screenager,Muse,Muse,Origin Of Muse,0,22438DFE85E9A3A7,8,7
Darkshines,Muse,Muse,Origin Of Muse,0,CC6D689796709D1D,9,7
Feeling Good,Muse,Muse,Origin Of Muse,0,F0F825D3445C9BF4,10,7
Futurism (Bonus Track),Muse,Muse,Origin Of Muse,1,427572897253F857,11,7
Megalomania,Muse,Muse,Origin Of Muse,0,60B5CA14B3F0143C,12,7
Nature 1,Muse,Muse,Origin Of Muse,0,71E8540C02CD43F8,1,8
Execution Commentary,Muse,Muse,Origin Of Muse,1,9F98B95DD7AB6C9D,2,8
Bedroom Acoustics,Muse,Muse,Origin Of Muse,0,82F57E0FEDCFED20,3,8
Shrinking Universe,Muse,Muse,Origin Of Muse,0,C4D6846932C4A7D4,4,8
Piano Thing,Muse,Muse,Origin Of Muse,0,D04A1C72AE398145,5,8
Map Of Your Head,Muse,Muse,Origin Of Muse,0,377F4976292731E4,6,8
The Gallery,Muse,Muse,Origin Of Muse,1,3BE9BDD321C49675,7,8
Hyper Chondriac Music,Muse,Muse,Origin Of Muse,0,731D8B46DFDC81DF,8,8
Shine,Muse,Muse,Origin Of Muse,0,F0C32D0CACE77930,9,8
"Please, Please, Please, Let Me Get What I Want",Muse,Muse,Origin Of Muse,0,58324C401AA0DAE4,10,8
Dead Star,Muse,Muse,Origin Of Muse,0,01B8CD4B323C38C1,11,8
In Your World,Muse,Muse,Origin Of Muse,0,F324FC8D5809D3E0,12,8
Can't Take My Eyes Off You,Muse,Muse,Origin Of Muse,0,92B9DE823A9EF447,13,8
New Born (Live at Reading Festival),Muse,Muse,Origin Of Muse,0,549287F10155B996,1,9
Bliss (Live at Reading Festival),Muse,Muse,Origin Of Muse,1,2E933958F7F84BEB,2,9
Space Dementia (Live at Reading Festival),Muse,Muse,Origin Of Muse,0,D16FA8B33BEB3EF7,3,9
Hyper Music (Live at Reading Festival),Muse,Muse,Origin Of Muse,0,2714F1C52E28D26A,4,9
Plug In Baby (Live at Reading Festival),Muse,Muse,Origin Of Muse,1,9543E01E96955C47,5,9
Citizen Erased (Live at Reading Festival),Muse,Muse,Origin Of Muse,0,86893C5B7B764139,6,9
Micro Cuts (Live at Reading Festival),Muse,Muse,Origin Of Muse,0,D4E90107C98EF6A0,7,9
Screenager (Live at Reading Festival),Muse,Muse,Origin Of Muse,0,1D08CACA9B05E6F7,8,9
Darkshines (Live at Reading Festival),Muse,Muse,Origin Of Muse,0,F8CD40CB0D393BFC,9,9
Feeling Good (Live at Reading Festival),Muse,Muse,Origin Of Muse,0,0F63E1AEECE0355C,10,9
Megalomania (Live at Reading Festival),Muse,Muse,Origin Of Muse,0,9F52C3252306B23F,11,9
New Born,Muse,Muse,Origin Of Symmetry,0,278DE9CF890749F9,1,1
Bliss,Muse,Muse,Origin Of Symmetry,1,47C2B3117B6A192A,2,1
Space Dementia,Muse,Muse,Origin Of Symmetry,0,D35882B536446325,3,1
Hyper Music,Muse,Muse,Origin Of Symmetry,0,AE947200ED6AB144,4,1
Plug In Baby,Muse,Muse,Origin Of Symmetry,0,0D4B0403BCD7155E,5,1
Citizen Erased,Muse,Muse,Origin Of Symmetry,1,CAA3C4E036FF13DF,6,1
Micro Cuts,Muse,Muse,Origin Of Symmetry,1,60C5452085C9669D,7,1
Screenager,Muse,Muse,Origin Of Symmetry,0,762DD45AE94ADA97,8,1
Dark Shines,Muse,Muse,Origin Of Symmetry,0,5BB4A4035C79C11F,9,1
Feeling Good,Muse,Muse,Origin Of Symmetry,0,4B0923424D25B2FF,10,1
Futurism,Muse,Muse,Origin Of Symmetry,0,B1C106A36866A46E,11,1
Megalomania,Muse,Muse,Origin Of Symmetry,0,E1CA9844DA8FA0EC,12,1
New Born (XX Anniversary RemiXX),Muse,Muse,Origin Of Symmetry XX Anniversary RemiXX,0,23B41593CA0FE647,1,1
Bliss (XX Anniversary RemiXX),Muse,Muse,Origin Of Symmetry XX Anniversary RemiXX,0,C46A68F96A4BA83D,2,1
Space Dementia (XX Anniversary RemiXX),Muse,Muse,Origin Of Symmetry XX Anniversary RemiXX,0,0828AF1106DEAA02,1,2
Hyper Music (XX Anniversary RemiXX),Muse,Muse,Origin Of Symmetry XX Anniversary RemiXX,1,1172ADC58DF81874,2,2
Plug In Baby (XX Anniversary RemiXX),Muse,Muse,Origin Of Symmetry XX Anniversary RemiXX,0,BDC8B0B7EE8580A1,3,2
Citizen Erased (XX Anniversary RemiXX),Muse,Muse,Origin Of Symmetry XX Anniversary RemiXX,0,2845B9E74C09E174,1,3
Micro Cuts (XX Anniversary RemiXX),Muse,Muse,Origin Of Symmetry XX Anniversary RemiXX,0,CA904F878C2E20A4,2,3
Screenager (XX Anniversary RemiXX),Muse,Muse,Origin Of Symmetry XX Anniversary RemiXX,0,9852D6822D9EFF4F,3,3
Darkshines (XX Anniversary RemiXX),Muse,Muse,Origin Of Symmetry XX Anniversary RemiXX,0,24AA55FE3D305A80,4,3
Feeling Good (XX Anniversary RemiXX),Muse,Muse,Origin Of Symmetry XX Anniversary RemiXX,0,B61256A3621C03C9,1,4
Futurism (XX Anniversary RemiXX),Muse,Muse,Origin Of Symmetry XX Anniversary RemiXX,0,0B8D4BB969C02AB3,2,4
Megalomania (XX Anniversary RemiXX),Muse,Muse,Origin Of Symmetry XX Anniversary RemiXX,0,3D35EA138F17FB29,3,4
Uprising,Muse,Muse,The Resistance,0,80EBEEC82180B37E,1,1
Resistance,Muse,Muse,The Resistance,0,1E9BF5A6FAE4C58F,2,1
Undisclosed Desires,Muse,Muse,The Resistance,0,9130A420CDA6C4E8,3,1
United States Of Eurasia (+ Collateral Damage),Muse,Muse,The Resistance,0,867DD8DE24D031D7,4,1
Guiding Light,Muse,Muse,The Resistance,0,B8ACC77C09BCD69E,5,1
Unnatural Selection,Muse,Muse,The Resistance,0,C17F08AE7E89D9E1,6,1
MK Ultra,Muse,Muse,The Resistance,0,6CF9EC2CCA747132,7,1
I Belong To You (+ Mon Cœur S'Ouvre À Ta Voix),Muse,Muse,The Resistance,0,FAB00EB316E175B0,8,1
Exogenesis: Symphony Part 1 (Overture),Muse,Muse,The Resistance,1,DAEB614E90AC2914,9,1
Exogenesis: Symphony Part 2 (Cross-Pollination),Muse,Muse,The Resistance,1,8625BF97FB0AC99C,10,1
Exogenesis: Symphony Part 3 (Redemption),Muse,Muse,The Resistance,1,EBE241AAC16908CC,11,1
Sunburn,Muse,Muse,Showbiz,0,8764FF129F5FBD7C,1,1
Muscle Museum,Muse,Muse,Showbiz,0,F5875A83D0326706,2,1
Fillip,Muse,Muse,Showbiz,0,AF865F425CE66036,3,1
Falling Down,Muse,Muse,Showbiz,0,715BAA934BEA04EF,4,1
Cave,Muse,Muse,Showbiz,0,D54948665DFAEDFE,5,1
Showbiz,Muse,Muse,Showbiz,0,1C21F7D57B582968,6,1
Unintended,Muse,Muse,Showbiz,0,14F14C6AF58BF164,7,1
Uno,Muse,Muse,Showbiz,0,73B57718695550C0,8,1
Sober,Muse,Muse,Showbiz,0,A7519CFA22E51E5F,9,1
Escape,Muse,Muse,Showbiz,1,E0CC1221F31A094A,10,1
Overdue,Muse,Muse,Showbiz,0,D5FDB7D3ED5355D1,11,1
Hate This And I'll Love You,Muse,Muse,Showbiz,0,F8752C6606F4CD34,12,1
Algorithm,Muse,Muse,Simulation Theory,0,60D2D018FFF2332A,1,1
The Dark Side,Muse,Muse,Simulation Theory,0,E546D2835100370B,2,1
Pressure,Muse,Muse,Simulation Theory,0,2EFD7C812437E095,3,1
Propaganda,Muse,Muse,Simulation Theory,0,017B3BDB74C0826B,4,1
Break It To Me,Muse,Muse,Simulation Theory,1,96AFB034C0FE1FD7,5,1
Something Human,Muse,Muse,Simulation Theory,0,0714749C0D19DB73,6,1
Thought Contagion,Muse,Muse,Simulation Theory,0,AD85347C5AE8F384,7,1
Get Up And Fight,Muse,Muse,Simulation Theory,0,2665395F59D1BA52,8,1
Blockades,Muse,Muse,Simulation Theory,0,9BBAFF8E945FFDB3,9,1
Dig Down,Muse,Muse,Simulation Theory,0,38595D3BD511723D,10,1
The Void,Muse,Muse,Simulation Theory,0,363212D851CA57CB,11,1
Algorithm [Alternate Reality Version],Muse,Muse,Simulation Theory,0,F80E1C9D71C8A313,12,1
The Dark Side [Alternate Reality Version],Muse,Muse,Simulation Theory,0,01217EE11DEF6266,13,1
Propaganda [Acoustic],Muse,Muse,Simulation Theory,0,9B27A558B742551F,14,1
Something Human [Acoustic],Muse,Muse,Simulation Theory,0,9EE6D59F9E7F6056,15,1
Dig Down [Acoustic Gospel Version],Muse,Muse,Simulation Theory,0,C75E214B7BF6139F,16,1
Knights Of Cydonia,Muse,Muse,"Triple J: Hottest 100, Vol. 15",0,CBB4716B51FFE1B7,1,1
Will Of The People,Muse,Muse,Will Of The People,0,057BC3D07C9CC772,1,1
Compliance,Muse,Muse,Will Of The People,0,33F1A94D86B375C2,2,1
Liberation,Muse,Muse,Will Of The People,0,3BE565DCCB675A6C,3,1
Won't Stand Down,Muse,Muse,Will Of The People,0,ADA03AB6FA20E0E5,4,1
Ghosts (How Can I Move On),Muse,Muse,Will Of The People,0,3082779E3464E65A,5,1
You Make Me Feel Like It's Halloween,Muse,Muse,Will Of The People,0,DDB1BE967FA51072,6,1
Kill Or Be Killed,Muse,Muse,Will Of The People,0,F4048502FD65A9F8,7,1
Verona,Muse,Muse,Will Of The People,0,8EC85F07D61E12E9,8,1
Euphoria,Muse,Muse,Will Of The People,0,BDA61DEFF62A9613,9,1
We Are Fucking Fucked,Muse,Muse,Will Of The People,0,CC64E56A93AD8824,10,1
The Dark Forest,Muse,Muse,The Wow! Signal,0,80BDB4A312CC21F8,1,1
Nightshift Superstar,Muse,Muse,The Wow! Signal,0,577504D63D6E41CE,2,1
Shimmering Scars,Muse,Muse,The Wow! Signal,0,C51A1E7F4497F133,3,1
Cryogen,Muse,Muse,The Wow! Signal,0,9DFB6772EBCFEFE2,4,1
Be With You,Muse,Muse,The Wow! Signal,0,4F51E50A9BDC0C31,5,1
Hexagons,Muse,Muse,The Wow! Signal,3,296ED30965AB7DB2,6,1
The Sickness In You & I,Muse,Muse,The Wow! Signal,3,A378EF70BE3794B8,7,1
Unravelling,Muse,Muse,The Wow! Signal,0,8BE77E934F5E9737,8,1
Space Debris,Muse,Muse,The Wow! Signal,0,40905E96006BA39C,10,1
Supremacy,Muse,Muse,The 2nd Law,1,8B0905A2F5DE3415,1,1
Madness,Muse,Muse,The 2nd Law,0,7320AFD67F4D9C1F,2,1
Panic Station,Muse,Muse,The 2nd Law,0,FC27A5BAE8C30359,3,1
Prelude,Muse,Muse,The 2nd Law,0,8DD6D2B7B9C39AFC,4,1
Survival,Muse,Muse,The 2nd Law,0,22864E14F0D30A0D,5,1
Follow Me,Muse,Muse,The 2nd Law,0,9CD434ACB9013CAC,6,1
Animals,Muse,Muse,The 2nd Law,0,FC004279DAAFCE09,7,1
Explorers,Muse,Muse,The 2nd Law,0,BC260BB6EFC7A108,8,1
Big Freeze,Muse,Muse,The 2nd Law,0,05E068372B3E2148,9,1
Save Me,Muse,Muse,The 2nd Law,0,9E1E08CCD143FAD1,10,1
Liquid State,Muse,Muse,The 2nd Law,1,92C987A9C027305E,11,1
The 2nd Law: Unsustainable,Muse,Muse,The 2nd Law,0,DEE50FC6E621DE33,12,1
The 2nd Law: Isolated System,Muse,Muse,The 2nd Law,0,BCC68C03C23A2CD3,13,1
Hush,Muse & Ellie Goulding,Muse,The Wow! Signal,0,C558530396337FCE,9,1
Less Than,Nine Inch Nails,Nine Inch Nails,Add Violence [EP],1,80C0E8D5F79577C0,1,1
The Lovers,Nine Inch Nails,Nine Inch Nails,Add Violence [EP],0,BD9C946884B90F2D,2,1
This Isn't The Place,Nine Inch Nails,Nine Inch Nails,Add Violence [EP],0,161056A91C88712C,3,1
Not Anymore,Nine Inch Nails,Nine Inch Nails,Add Violence [EP],0,A75DEA3655E94B3F,4,1
The Background World,Nine Inch Nails,Nine Inch Nails,Add Violence [EP],0,B19D1E95494D4580,5,1
Shit Mirror,Nine Inch Nails,Nine Inch Nails,Bad Witch [EP],0,40E10E801C8F204A,1,1
Ahead Of Ourselves,Nine Inch Nails,Nine Inch Nails,Bad Witch [EP],0,6AED8CD281D449F4,2,1
Play The Goddamned Part,Nine Inch Nails,Nine Inch Nails,Bad Witch [EP],0,DDA48E96E75EC69D,3,1
God Break Down The Door,Nine Inch Nails,Nine Inch Nails,Bad Witch [EP],0,9AC44E1D7AB8821A,4,1
I'm Not From This World,Nine Inch Nails,Nine Inch Nails,Bad Witch [EP],0,922227105BF7F765,5,1
Over And Out,Nine Inch Nails,Nine Inch Nails,Bad Witch [EP],0,ED3BDC6B1908BFC2,6,1
Pinion,Nine Inch Nails,Nine Inch Nails,Broken,0,89AB6F135A3C4AEA,1,1
Wish,Nine Inch Nails,Nine Inch Nails,Broken,0,69AA4478E317A031,2,1
Last,Nine Inch Nails,Nine Inch Nails,Broken,2,419E4C7029953EC3,3,1
Help Me I Am In Hell,Nine Inch Nails,Nine Inch Nails,Broken,0,8CD587A34006324C,4,1
Happiness In Slavery,Nine Inch Nails,Nine Inch Nails,Broken,0,FFB79538698A658D,5,1
Gave Up,Nine Inch Nails,Nine Inch Nails,Broken,0,2DA8B4EF7B2F76ED,6,1
Physical (You're So),Nine Inch Nails,Nine Inch Nails,Broken,0,649EBD4637A8884C,98,1
Suck,Nine Inch Nails,Nine Inch Nails,Broken,0,30CBDEC62BD8A222,99,1
Mr. Self Destruct,Nine Inch Nails,Nine Inch Nails,The Downward Spiral,0,7F0BD819B579AAD7,1,1
Piggy,Nine Inch Nails,Nine Inch Nails,The Downward Spiral,0,8430499363C6520B,2,1
Heresy,Nine Inch Nails,Nine Inch Nails,The Downward Spiral,0,2CD41E78C10FB32C,3,1
March Of The Pigs,Nine Inch Nails,Nine Inch Nails,The Downward Spiral,1,D11EF04F20008017,4,1
Closer,Nine Inch Nails,Nine Inch Nails,The Downward Spiral,0,4F77A021AEA5A0FE,5,1
Ruiner,Nine Inch Nails,Nine Inch Nails,The Downward Spiral,0,F3B56341F5D94247,6,1
The Becoming,Nine Inch Nails,Nine Inch Nails,The Downward Spiral,0,54BA17684F35EEF4,7,1
I Do Not Want This,Nine Inch Nails,Nine Inch Nails,The Downward Spiral,0,07C8B5E4D7814780,8,1
Big Man With A Gun,Nine Inch Nails,Nine Inch Nails,The Downward Spiral,0,C5864C047489FA40,9,1
A Warm Place,Nine Inch Nails,Nine Inch Nails,The Downward Spiral,0,6C592B7F44026D0D,10,1
Eraser,Nine Inch Nails,Nine Inch Nails,The Downward Spiral,0,5315C290E6B2FA82,11,1
Reptile,Nine Inch Nails,Nine Inch Nails,The Downward Spiral,0,32C515B34A009C71,12,1
The Downward Spiral,Nine Inch Nails,Nine Inch Nails,The Downward Spiral,0,E824F774F1E9A8FE,13,1
Hurt,Nine Inch Nails,Nine Inch Nails,The Downward Spiral,0,976244B0FCBA7E54,14,1
Somewhat Damaged,Nine Inch Nails,Nine Inch Nails,The Fragile [CD],1,9CCE4556A83CB093,1,1
The Day The World Went Away,Nine Inch Nails,Nine Inch Nails,The Fragile [CD],0,2BE8A5E695E31687,2,1
The Frail,Nine Inch Nails,Nine Inch Nails,The Fragile [CD],0,4A29239ABFDA4DCF,3,1
The Wretched,Nine Inch Nails,Nine Inch Nails,The Fragile [CD],0,AC6110AD1091DFEC,4,1
We're In This Together,Nine Inch Nails,Nine Inch Nails,The Fragile [CD],0,C7A7B3CEC0F57F0C,5,1
The Fragile,Nine Inch Nails,Nine Inch Nails,The Fragile [CD],0,F1AA15BF0A846A42,6,1
Just Like You Imagined,Nine Inch Nails,Nine Inch Nails,The Fragile [CD],0,BC79066CDAFACFD3,7,1
Even Deeper,Nine Inch Nails,Nine Inch Nails,The Fragile [CD],0,F3242011915F021D,8,1
Pilgrimage,Nine Inch Nails,Nine Inch Nails,The Fragile [CD],0,7D60FDD4F744FFD2,9,1
"No, You Don't",Nine Inch Nails,Nine Inch Nails,The Fragile [CD],1,A231701C0876CFF7,10,1
La Mer,Nine Inch Nails,Nine Inch Nails,The Fragile [CD],0,920CDFD23CC9A197,11,1
The Great Below,Nine Inch Nails,Nine Inch Nails,The Fragile [CD],0,8237859636B986CF,12,1
The Way Out Is Through,Nine Inch Nails,Nine Inch Nails,The Fragile [CD],0,5D92861B161443B9,1,2
Into The Void,Nine Inch Nails,Nine Inch Nails,The Fragile [CD],1,517300A1B5E292AB,2,2
Where Is Everybody ?,Nine Inch Nails,Nine Inch Nails,The Fragile [CD],0,A5E766C115FC11BA,3,2
The Mark Has Been Made,Nine Inch Nails,Nine Inch Nails,The Fragile [CD],0,8ACC0CE482291989,4,2
Please,Nine Inch Nails,Nine Inch Nails,The Fragile [CD],1,9C8886E3E9FDC354,5,2
Starfuckers Inc.,Nine Inch Nails,Nine Inch Nails,The Fragile [CD],0,66E15DF30792952E,6,2
Complication,Nine Inch Nails,Nine Inch Nails,The Fragile [CD],1,2C60FE89F8791431,7,2
"I'm Looking Forward To Joining You, Finally",Nine Inch Nails,Nine Inch Nails,The Fragile [CD],0,3D63C4B4AB78C8EA,8,2
The Big Come Down,Nine Inch Nails,Nine Inch Nails,The Fragile [CD],0,A6E97906D9517DB0,9,2
Underneath It All,Nine Inch Nails,Nine Inch Nails,The Fragile [CD],0,F79307C385E41848,10,2
Ripe (With Decay),Nine Inch Nails,Nine Inch Nails,The Fragile [CD],0,EF6140EAF352BB9D,11,2
Somewhat Damaged,Nine Inch Nails,Nine Inch Nails,The Fragile [Vinyl],0,4C3C587F04EC6C82,1,1
The Day The World Went Away,Nine Inch Nails,Nine Inch Nails,The Fragile [Vinyl],0,838947DEA4D25BDD,2,1
The Frail,Nine Inch Nails,Nine Inch Nails,The Fragile [Vinyl],0,655B2567BC4B8AF1,3,1
The Wretched,Nine Inch Nails,Nine Inch Nails,The Fragile [Vinyl],0,93515ABC511BC7E6,4,1
We're In This Together,Nine Inch Nails,Nine Inch Nails,The Fragile [Vinyl],0,E1A64C346F9CA6B0,1,2
The Fragile,Nine Inch Nails,Nine Inch Nails,The Fragile [Vinyl],0,44F34DD18CBA4F11,2,2
Just Like You Imagined,Nine Inch Nails,Nine Inch Nails,The Fragile [Vinyl],0,0D84D9DA7C2DC31A,3,2
Even Deeper,Nine Inch Nails,Nine Inch Nails,The Fragile [Vinyl],0,383302EF12B4A50C,4,2
Pilgrimage,Nine Inch Nails,Nine Inch Nails,The Fragile [Vinyl],0,9A10A87616D2601A,1,3
"No, You Don't",Nine Inch Nails,Nine Inch Nails,The Fragile [Vinyl],0,C5AB107D56FC087D,2,3
La Mer,Nine Inch Nails,Nine Inch Nails,The Fragile [Vinyl],0,3CB66B3F50134A9A,3,3
The Great Below,Nine Inch Nails,Nine Inch Nails,The Fragile [Vinyl],0,96E4BE9C181AB0E5,4,3
The Way Out Is Through,Nine Inch Nails,Nine Inch Nails,The Fragile [Vinyl],0,3FFCF1B5072D19B3,1,4
Into The Void,Nine Inch Nails,Nine Inch Nails,The Fragile [Vinyl],0,14A5562233A358B7,2,4
Where Is Everybody?,Nine Inch Nails,Nine Inch Nails,The Fragile [Vinyl],0,6C64C154FED6D506,3,4
The Mark Has Been Made,Nine Inch Nails,Nine Inch Nails,The Fragile [Vinyl],0,B53698DF99D1FAC3,4,4
10 Miles High,Nine Inch Nails,Nine Inch Nails,The Fragile [Vinyl],2,18A3C219752195E1,1,5
Please,Nine Inch Nails,Nine Inch Nails,The Fragile [Vinyl],2,F6ADE1368A3BC2DA,2,5
"Starfuckers, Inc.",Nine Inch Nails,Nine Inch Nails,The Fragile [Vinyl],0,FDBB66F1DD7159BF,3,5
Complication,Nine Inch Nails,Nine Inch Nails,The Fragile [Vinyl],0,B01A2FAAAD2413C9,4,5
The New Flesh,Nine Inch Nails,Nine Inch Nails,The Fragile [Vinyl],0,72FA634A4E50FDBB,5,5
"I'm Looking Forward To Joining You, Finally",Nine Inch Nails,Nine Inch Nails,The Fragile [Vinyl],0,023AEEA848407F51,1,6
The Big Come Down,Nine Inch Nails,Nine Inch Nails,The Fragile [Vinyl],0,1D603B0FE7140A12,2,6
Underneath It All,Nine Inch Nails,Nine Inch Nails,The Fragile [Vinyl],0,BD56ED1B1EA1958E,3,6
Ripe,Nine Inch Nails,Nine Inch Nails,The Fragile [Vinyl],0,26D762EE035E922E,4,6
The Eater Of Dreams,Nine Inch Nails,Nine Inch Nails,Hesitation Marks (Deluxe Edition),0,6CC787353453AC9A,1,1
Copy Of A,Nine Inch Nails,Nine Inch Nails,Hesitation Marks (Deluxe Edition),0,FA5ADE4DF4D8E5A8,2,1
Came Back Haunted,Nine Inch Nails,Nine Inch Nails,Hesitation Marks (Deluxe Edition),0,9C6DC126B841AC32,3,1
Find My Way,Nine Inch Nails,Nine Inch Nails,Hesitation Marks (Deluxe Edition),0,A8B885AB888E577B,4,1
All Time Low,Nine Inch Nails,Nine Inch Nails,Hesitation Marks (Deluxe Edition),0,408092EAD029DBD9,5,1
Disappointed,Nine Inch Nails,Nine Inch Nails,Hesitation Marks (Deluxe Edition),0,A0088E55F7EEE244,6,1
Everything,Nine Inch Nails,Nine Inch Nails,Hesitation Marks (Deluxe Edition),0,313488DBD9FFE4B3,7,1
Satellite,Nine Inch Nails,Nine Inch Nails,Hesitation Marks (Deluxe Edition),0,1458B4936735DA1F,8,1
Various Methods Of Escape,Nine Inch Nails,Nine Inch Nails,Hesitation Marks (Deluxe Edition),0,CD5742202E2D52CE,9,1
Running,Nine Inch Nails,Nine Inch Nails,Hesitation Marks (Deluxe Edition),0,CD5397D52C92FE5F,10,1
I Would For You,Nine Inch Nails,Nine Inch Nails,Hesitation Marks (Deluxe Edition),0,FD167D808BCF54D4,11,1
In Two,Nine Inch Nails,Nine Inch Nails,Hesitation Marks (Deluxe Edition),0,CF4D8B830DAFEE31,12,1
While I'M Still Here,Nine Inch Nails,Nine Inch Nails,Hesitation Marks (Deluxe Edition),0,20D488DE2694E0EB,13,1
Black Noise,Nine Inch Nails,Nine Inch Nails,Hesitation Marks (Deluxe Edition),0,B198AF6A955431DF,14,1
Find My Way (Oneohtrix Point Never Remix),Nine Inch Nails,Nine Inch Nails,Hesitation Marks (Deluxe Edition),0,4FF6EFC0E44C1F12,1,2
All Time Low (Todd Rundgren Remix),Nine Inch Nails,Nine Inch Nails,Hesitation Marks (Deluxe Edition),0,D4F568F8DD232A6A,2,2
While I'M Still Here (Breyer P-Orridge 'Howler' Remix),Nine Inch Nails,Nine Inch Nails,Hesitation Marks (Deluxe Edition),0,F238F8CEFB011C1D,3,2
Head Like A Hole,Nine Inch Nails,Nine Inch Nails,Pretty Hate Machine,0,53F6745C556A451E,1,1
Terrible Lie,Nine Inch Nails,Nine Inch Nails,Pretty Hate Machine,0,D99C432F27C7D95C,2,1
Down In It,Nine Inch Nails,Nine Inch Nails,Pretty Hate Machine,0,BA9002F8614DA335,3,1
Sanctified,Nine Inch Nails,Nine Inch Nails,Pretty Hate Machine,0,43315149A92D20AA,4,1
Something I Can Never Have,Nine Inch Nails,Nine Inch Nails,Pretty Hate Machine,0,0845A1B6F6C0A836,5,1
Kinda I Want To,Nine Inch Nails,Nine Inch Nails,Pretty Hate Machine,0,277BA0EA40341456,6,1
Sin,Nine Inch Nails,Nine Inch Nails,Pretty Hate Machine,0,2CFF61FAF972F7BD,7,1
That's What I Get,Nine Inch Nails,Nine Inch Nails,Pretty Hate Machine,0,61F6343ECFDE8478,8,1
The Only Time,Nine Inch Nails,Nine Inch Nails,Pretty Hate Machine,0,3A0B109C87B1C3F2,9,1
Ringfinger,Nine Inch Nails,Nine Inch Nails,Pretty Hate Machine,0,FB501BE757389BCA,10,1
"999,999",Nine Inch Nails,Nine Inch Nails,The Slip,0,D3A58811302C5887,1,1
"1,000,000",Nine Inch Nails,Nine Inch Nails,The Slip,0,712D4D31D806B8F3,2,1
Letting You,Nine Inch Nails,Nine Inch Nails,The Slip,0,45F400FD3FB867B2,3,1
Discipline,Nine Inch Nails,Nine Inch Nails,The Slip,2,DBB385DD396DE247,4,1
Echoplex,Nine Inch Nails,Nine Inch Nails,The Slip,0,81B052CACE63BD25,5,1
Head Down,Nine Inch Nails,Nine Inch Nails,The Slip,1,C15FA8462845DD99,6,1
Lights In The Sky,Nine Inch Nails,Nine Inch Nails,The Slip,0,419AAD5480A8A5F9,7,1
Corona Radiata,Nine Inch Nails,Nine Inch Nails,The Slip,0,BEB11DD328A9F3AC,8,1
The Four Of Us Are Dying,Nine Inch Nails,Nine Inch Nails,The Slip,0,5C15389BEB4EFD47,9,1
Demon Seed,Nine Inch Nails,Nine Inch Nails,The Slip,0,A9E44098F107B653,10,1
Slipping Away,Nine Inch Nails,Nine Inch Nails,Things Falling Apart,0,C065F68DF29D3A25,1,1
The Great Collapse,Nine Inch Nails,Nine Inch Nails,Things Falling Apart,0,FE6A4BD4FCE43CC3,2,1
The Wretched (Version),Nine Inch Nails,Nine Inch Nails,Things Falling Apart,0,4EDDB2B3CEA2CB89,3,1
Starfuckers Inc. (Version),Nine Inch Nails,Nine Inch Nails,Things Falling Apart,0,EBB10DE85E342F87,4,1
The Frail (Version),Nine Inch Nails,Nine Inch Nails,Things Falling Apart,0,CDD61900C3B77340,5,1
Starfuckers Inc. (Version),Nine Inch Nails,Nine Inch Nails,Things Falling Apart,0,168CCD2296E2DC9C,6,1
Where Is Everybody? (Version),Nine Inch Nails,Nine Inch Nails,Things Falling Apart,0,06DDC6D70040FAAE,7,1
Metal,Nine Inch Nails,Nine Inch Nails,Things Falling Apart,0,95D450DC2CF2A5AB,8,1
10 Miles High (Version),Nine Inch Nails,Nine Inch Nails,Things Falling Apart,0,D2A65446080911EB,9,1
Starfuckers Inc. (Version),Nine Inch Nails,Nine Inch Nails,Things Falling Apart,0,EA3D8BF41A2B864C,10,1
Init,Nine Inch Nails,Nine Inch Nails,TRON: Ares - Original Motion Picture Soundtrack,0,983A66DBD3671737,1,1
Forked Reality,Nine Inch Nails,Nine Inch Nails,TRON: Ares - Original Motion Picture Soundtrack,0,0B5FB9D33E389C4C,2,1
As Alive As You Need Me To Be,Nine Inch Nails,Nine Inch Nails,TRON: Ares - Original Motion Picture Soundtrack,0,57B585AEA67170F3,3,1
Echoes,Nine Inch Nails,Nine Inch Nails,TRON: Ares - Original Motion Picture Soundtrack,0,70589B526F6F6636,4,1
This Changes Everything,Nine Inch Nails,Nine Inch Nails,TRON: Ares - Original Motion Picture Soundtrack,0,20E2DDE02BF6E8F2,5,1
In The Image Of,Nine Inch Nails,Nine Inch Nails,TRON: Ares - Original Motion Picture Soundtrack,0,24BA387F2DFB901A,6,1
I Know You Can Feel It,Nine Inch Nails,Nine Inch Nails,TRON: Ares - Original Motion Picture Soundtrack,0,A4AA2E51F12578AA,7,1
Permanence,Nine Inch Nails,Nine Inch Nails,TRON: Ares - Original Motion Picture Soundtrack,0,B401CB287F7CA953,8,1
Infiltrator,Nine Inch Nails,Nine Inch Nails,TRON: Ares - Original Motion Picture Soundtrack,0,79788A4EAF213E27,9,1
100% Expendable,Nine Inch Nails,Nine Inch Nails,TRON: Ares - Original Motion Picture Soundtrack,0,5942342E6FB52B48,10,1
Still Remains,Nine Inch Nails,Nine Inch Nails,TRON: Ares - Original Motion Picture Soundtrack,0,00A28D891DB12F80,11,1
Building Better Worlds,Nine Inch Nails,Nine Inch Nails,TRON: Ares - Original Motion Picture Soundtrack,1,61CC6B9413750890,13,1
Target Identified,Nine Inch Nails,Nine Inch Nails,TRON: Ares - Original Motion Picture Soundtrack,0,FBA8EC3F41746F36,14,1
Daemonize,Nine Inch Nails,Nine Inch Nails,TRON: Ares - Original Motion Picture Soundtrack,0,8A962C663B625497,15,1
Empathetic Response,Nine Inch Nails,Nine Inch Nails,TRON: Ares - Original Motion Picture Soundtrack,0,377F54F6CF9663BC,16,1
What Have You Done?,Nine Inch Nails,Nine Inch Nails,TRON: Ares - Original Motion Picture Soundtrack,0,C1009C3173C63E98,17,1
A Question Of Trust,Nine Inch Nails,Nine Inch Nails,TRON: Ares - Original Motion Picture Soundtrack,0,4B498FEEAAA2BDEF,18,1
Ghost In The Machine,Nine Inch Nails,Nine Inch Nails,TRON: Ares - Original Motion Picture Soundtrack,0,28B59105556D489C,19,1
No Going Back,Nine Inch Nails,Nine Inch Nails,TRON: Ares - Original Motion Picture Soundtrack,0,C752FD8F70B1A3FB,20,1
Nemesis,Nine Inch Nails,Nine Inch Nails,TRON: Ares - Original Motion Picture Soundtrack,0,091998C21B6C39ED,21,1
New Directive,Nine Inch Nails,Nine Inch Nails,TRON: Ares - Original Motion Picture Soundtrack,0,2DE026BBA1AC732F,22,1
Out In The World,Nine Inch Nails,Nine Inch Nails,TRON: Ares - Original Motion Picture Soundtrack,0,CDF1A57A9648BEF9,23,1
Shadow Over Me,Nine Inch Nails,Nine Inch Nails,TRON: Ares - Original Motion Picture Soundtrack,2,734D29D6775E581B,24,1
All The Love In The World,Nine Inch Nails,Nine Inch Nails,With Teeth,0,BD919232F0946153,1,1
You Know What You Are?,Nine Inch Nails,Nine Inch Nails,With Teeth,0,28FF2F4BA89EAF39,2,1
The Collector,Nine Inch Nails,Nine Inch Nails,With Teeth,0,22B21862BD2DAB8E,3,1
The Hand That Feeds,Nine Inch Nails,Nine Inch Nails,With Teeth,0,30C501C9495DDC13,4,1
Love Is Not Enough,Nine Inch Nails,Nine Inch Nails,With Teeth,0,82E6056D7910B5AB,5,1
Every Day Is Exactly The Same,Nine Inch Nails,Nine Inch Nails,With Teeth,0,02F14CE3A5097297,6,1
With Teeth,Nine Inch Nails,Nine Inch Nails,With Teeth,0,9A0E4EF10DF64644,7,1
Only,Nine Inch Nails,Nine Inch Nails,With Teeth,0,D4FFCBCB9D8F516A,8,1
Getting Smaller,Nine Inch Nails,Nine Inch Nails,With Teeth,0,F961DFF68C47310D,9,1
Sunspots,Nine Inch Nails,Nine Inch Nails,With Teeth,0,7EC0F38DC081208F,10,1
The Line Begins To Blur,Nine Inch Nails,Nine Inch Nails,With Teeth,0,11F41D51B4C2418D,11,1
Beside You In Time,Nine Inch Nails,Nine Inch Nails,With Teeth,0,3BB6A897F9C985BC,12,1
Right Where It Belongs,Nine Inch Nails,Nine Inch Nails,With Teeth,0,CF436321E9F20A77,13,1
Home,Nine Inch Nails,Nine Inch Nails,With Teeth,0,27AD88272606A5C0,14,1
Right Where It Belongs [Alternate Version 2],Nine Inch Nails,Nine Inch Nails,With Teeth,0,F258E5D764FAEB1D,15,1
Hyperpower!,Nine Inch Nails,Nine Inch Nails,Year Zero,0,0B612C198A95A905,1,1
The Beginning Of The End,Nine Inch Nails,Nine Inch Nails,Year Zero,0,C75C368F159A80B5,2,1
Survivalism,Nine Inch Nails,Nine Inch Nails,Year Zero,0,E16BFCE9DEF19F7B,3,1
The Good Soldier,Nine Inch Nails,Nine Inch Nails,Year Zero,0,68F3F9272AE5ACA8,4,1
Vessel,Nine Inch Nails,Nine Inch Nails,Year Zero,0,BF031F43FA748CE5,5,1
"Me, I'M Not",Nine Inch Nails,Nine Inch Nails,Year Zero,0,A87449DD1A5A8430,6,1
Capital G,Nine Inch Nails,Nine Inch Nails,Year Zero,0,309D339C89450446,7,1
My Violent Heart,Nine Inch Nails,Nine Inch Nails,Year Zero,0,BA71AB5DE8648BB7,8,1
The Warning,Nine Inch Nails,Nine Inch Nails,Year Zero,0,549C14D90ABE5237,9,1
God Given,Nine Inch Nails,Nine Inch Nails,Year Zero,0,E46193596F36555D,10,1
Meet Your Master,Nine Inch Nails,Nine Inch Nails,Year Zero,0,12E6FBE6E489FB00,11,1
The Greater Good,Nine Inch Nails,Nine Inch Nails,Year Zero,0,B9A6D0DE71EA628D,12,1
The Great Destroyer,Nine Inch Nails,Nine Inch Nails,Year Zero,0,2212BAC7DD59B284,13,1
Another Version Of The Truth,Nine Inch Nails,Nine Inch Nails,Year Zero,0,A99D97C0AC6EC56B,14,1
In This Twilight,Nine Inch Nails,Nine Inch Nails,Year Zero,0,81893C281BF04040,15,1
Zero-Sum,Nine Inch Nails,Nine Inch Nails,Year Zero,0,E4CD6DB043B10FC7,16,1
Who Wants To Live Forever?,Nine Inch Nails Feat. Judeline,Nine Inch Nails,TRON: Ares - Original Motion Picture Soundtrack,0,9FEBEEDDAD7CFBC7,12,1
Blew,Nirvana,Nirvana,Bleach,0,1749578575175313,1,1
Floyd The Barber,Nirvana,Nirvana,Bleach,0,958B6384FBF4E8C0,2,1
About A Girl,Nirvana,Nirvana,Bleach,0,95D50294E4CCDD71,3,1
School,Nirvana,Nirvana,Bleach,0,4D13CB1BD7020434,4,1
Love Buzz,Nirvana,Nirvana,Bleach,0,DA59C75243AA8617,5,1
Paper Cuts,Nirvana,Nirvana,Bleach,0,BCEAEB23FCCC372E,6,1
Negative Creep,Nirvana,Nirvana,Bleach,0,71DDEC1D7F7489E3,7,1
Scoff,Nirvana,Nirvana,Bleach,0,3005E96FD7DA9F38,8,1
Swap Meet,Nirvana,Nirvana,Bleach,0,456A997DD1A538A3,9,1
Mr. Moustache,Nirvana,Nirvana,Bleach,0,B2A9F75F8575A4A0,10,1
Sifting,Nirvana,Nirvana,Bleach,0,316BAC00949E8256,11,1
Big Cheese,Nirvana,Nirvana,Bleach,0,9C05A68EED695BDC,12,1
Downer,Nirvana,Nirvana,Bleach,0,E0CE3972822D2268,13,1
Serve The Servants,Nirvana,Nirvana,In Utero [30th Anniversary Edition],0,C731494435ED077B,1,1
Scentless Apprentice,Nirvana,Nirvana,In Utero [30th Anniversary Edition],0,A5608AC1B364972D,2,1
Heart-Shaped Box,Nirvana,Nirvana,In Utero [30th Anniversary Edition],0,7D782303EB720601,3,1
Rape Me,Nirvana,Nirvana,In Utero [30th Anniversary Edition],0,CDDA2031B6E740F3,4,1
Frances Farmer Will Have Her Revenge On Seattle,Nirvana,Nirvana,In Utero [30th Anniversary Edition],1,6F3F2159424FF0F9,5,1
Dumb,Nirvana,Nirvana,In Utero [30th Anniversary Edition],0,67D896B0A796077F,6,1
Very Ape,Nirvana,Nirvana,In Utero [30th Anniversary Edition],0,CF8A88A937B0791A,7,1
Milk It,Nirvana,Nirvana,In Utero [30th Anniversary Edition],0,0913C19990500BD5,8,1
Pennyroyal Tea,Nirvana,Nirvana,In Utero [30th Anniversary Edition],0,E304F0A1C50E41F3,9,1
Radio Friendly Unit Shifter,Nirvana,Nirvana,In Utero [30th Anniversary Edition],1,91F0CBF866639DDB,10,1
Tourette's,Nirvana,Nirvana,In Utero [30th Anniversary Edition],0,C06AE3E64B1FFF85,11,1
All Apologies,Nirvana,Nirvana,In Utero [30th Anniversary Edition],0,B4917CC470DB34FB,12,1
Serve The Servants (Live In Rome),Nirvana,Nirvana,In Utero [30th Anniversary Edition],0,21EC9461ABCFA9C8,1,2
Scentless Apprentice (Live In Rome),Nirvana,Nirvana,In Utero [30th Anniversary Edition],0,B8BDB5C479A11CF5,2,2
Heart-Shaped Box (Live In Rome),Nirvana,Nirvana,In Utero [30th Anniversary Edition],0,265FA80BFC5362A0,3,2
Rape Me (Live In Seattle),Nirvana,Nirvana,In Utero [30th Anniversary Edition],0,DC3771307E0650CD,4,2
Frances Farmer Will Have Her Revenge On Seattle (Live In Seattle),Nirvana,Nirvana,In Utero [30th Anniversary Edition],0,08B424D0CC329517,5,2
Dumb (Live In Los Angeles),Nirvana,Nirvana,In Utero [30th Anniversary Edition],0,FDEFCB8F951FBFC6,6,2
Very Ape (Live In Rome),Nirvana,Nirvana,In Utero [30th Anniversary Edition],2,619135067F44F61A,7,2
Milk It (Live In Springfield),Nirvana,Nirvana,In Utero [30th Anniversary Edition],0,78121A41977498C6,8,2
Pennyroyal Tea (Live In Los Angeles),Nirvana,Nirvana,In Utero [30th Anniversary Edition],0,43A823D6402A5A0D,9,2
Radio Friendly Unit Shifter (Live In Los Angeles),Nirvana,Nirvana,In Utero [30th Anniversary Edition],0,BA370ED0088DB7F2,10,2
Tourette's (Live In New York),Nirvana,Nirvana,In Utero [30th Anniversary Edition],0,326A6B622B9C7EC0,11,2
All Apologies (Live In Los Angeles),Nirvana,Nirvana,In Utero [30th Anniversary Edition],0,01367D95C6BD8BC8,12,2
Jesus Doesn't Want Me For A Sunbeam (Live In Seattle),Nirvana,Nirvana,In Utero [30th Anniversary Edition],0,4A1B21BEC404E9B2,13,2
The Man Who Sold The World (Live In Seattle),Nirvana,Nirvana,In Utero [30th Anniversary Edition],0,6911BD118E94FF8D,14,2
Dive,Nirvana,Nirvana,Incesticide,0,244D5E7AA5A3DE15,1,1
Sliver,Nirvana,Nirvana,Incesticide,0,2BB00B23BCB1943B,2,1
Stain,Nirvana,Nirvana,Incesticide,0,41D29BE8A3D197D7,3,1
Been A Son,Nirvana,Nirvana,Incesticide,0,3DF5A31F7D162C9E,4,1
Turnaround,Nirvana,Nirvana,Incesticide,0,CEA49E86D851592C,5,1
Molly's Lips,Nirvana,Nirvana,Incesticide,0,865B1F7F2A285087,6,1
Son Of A Gun,Nirvana,Nirvana,Incesticide,0,A0EA64E14F5C5CFF,7,1
(New Wave) Polly,Nirvana,Nirvana,Incesticide,0,7C2ECFE2182DF0FC,8,1
Beeswax,Nirvana,Nirvana,Incesticide,0,4C35EF9A2323BAFF,9,1
Downer,Nirvana,Nirvana,Incesticide,0,FC38E2190F922DB0,10,1
Mexican Seafood,Nirvana,Nirvana,Incesticide,0,AAA0EF070B6FCCC3,11,1
Hairspray Queen,Nirvana,Nirvana,Incesticide,0,F36489923E586103,12,1
Aero Zeppelin,Nirvana,Nirvana,Incesticide,0,4F9762E222F579D3,13,1
Big Long Now,Nirvana,Nirvana,Incesticide,0,E45FA22632B5F6A4,14,1
Aneurysm,Nirvana,Nirvana,Incesticide,2,1F671AA61716FE83,15,1
About A Girl [Live],Nirvana,Nirvana,MTV Unplugged In New York,0,0B9B804456AAF322,1,1
Come As You Are,Nirvana,Nirvana,MTV Unplugged In New York,0,5ECA12600288B155,2,1
Jesus Doesn't Want Me For A Sunbeam,Nirvana,Nirvana,MTV Unplugged In New York,0,20DA39705AEDB2B0,3,1
The Man Who Sold The World,Nirvana,Nirvana,MTV Unplugged In New York,0,BC0A8252E072F057,4,1
Pennyroyal Tea,Nirvana,Nirvana,MTV Unplugged In New York,0,2D48F84B58E18DE1,5,1
Dumb,Nirvana,Nirvana,MTV Unplugged In New York,0,5BD1FCA6C04749C3,6,1
Polly,Nirvana,Nirvana,MTV Unplugged In New York,0,17720B902A13EA0E,7,1
On A Plain,Nirvana,Nirvana,MTV Unplugged In New York,0,1CFAD2501564738F,8,1
Something In The Way,Nirvana,Nirvana,MTV Unplugged In New York,0,4D7A09728AD08545,9,1
Plateau,Nirvana,Nirvana,MTV Unplugged In New York,0,413096FA3DD5E465,10,1
"Oh, Me",Nirvana,Nirvana,MTV Unplugged In New York,0,43514F5CA7BBF8C2,11,1
Lake Of Fire,Nirvana,Nirvana,MTV Unplugged In New York,0,8C953F7FF19D90A9,12,1
All Apologies,Nirvana,Nirvana,MTV Unplugged In New York,0,8C7D4A6038C0D37E,13,1
Where Did You Sleep Last Night,Nirvana,Nirvana,MTV Unplugged In New York,0,A0BE755E34C487D8,14,1
Smells Like Teen Spirit,Nirvana,Nirvana,Nevermind,0,AAEF40774DFA0B8A,1,1
In Bloom,Nirvana,Nirvana,Nevermind,3,ED4354ECD7927790,2,1
Come As You Are,Nirvana,Nirvana,Nevermind,0,0DD5E6B70E2E54E4,3,1
Breed,Nirvana,Nirvana,Nevermind,1,056C8EC9773C0A67,4,1
Lithium,Nirvana,Nirvana,Nevermind,0,E392FBEBA6F264FE,5,1
Polly,Nirvana,Nirvana,Nevermind,0,291C67FA316AD93D,6,1
Territorial Pissings,Nirvana,Nirvana,Nevermind,0,A13A1490AE8E810B,7,1
Drain You,Nirvana,Nirvana,Nevermind,0,16BA475E8EC8BBD3,8,1
Lounge Act,Nirvana,Nirvana,Nevermind,0,D498188A6D7B4495,9,1
Stay Away,Nirvana,Nirvana,Nevermind,0,ACBEDC2FD1885D6B,10,1
On A Plain,Nirvana,Nirvana,Nevermind,0,640782B66652B82F,11,1
"Something In The Way / Endless, Nameless",Nirvana,Nirvana,Nevermind,0,7B413E1347A1D182,12,1
Rock 'n' Roll Star (2024 Remaster),Oasis,Oasis,Definitely Maybe [30th Anniversary Deluxe Edition],0,900F3494DD83B37D,1,1
Shakermaker (2024 Remaster),Oasis,Oasis,Definitely Maybe [30th Anniversary Deluxe Edition],0,FD2D9B48F2FB9AC8,2,1
Live Forever (2024 Remaster),Oasis,Oasis,Definitely Maybe [30th Anniversary Deluxe Edition],1,AA488784D81D1B3C,3,1
Up In The Sky (2024 Remaster),Oasis,Oasis,Definitely Maybe [30th Anniversary Deluxe Edition],0,D141D99D606A0F83,4,1
Columbia (2024 Remaster),Oasis,Oasis,Definitely Maybe [30th Anniversary Deluxe Edition],0,681FEB3A5AFE2460,5,1
Supersonic (2024 Remaster),Oasis,Oasis,Definitely Maybe [30th Anniversary Deluxe Edition],0,0F280CC9FC03222A,6,1
Bring It On Down (2024 Remaster),Oasis,Oasis,Definitely Maybe [30th Anniversary Deluxe Edition],0,89AE13BF479C3D20,7,1
Cigarettes & Alcohol (2024 Remaster),Oasis,Oasis,Definitely Maybe [30th Anniversary Deluxe Edition],0,B798343DFBFB0479,8,1
Digsy's Dinner (2024 Remaster),Oasis,Oasis,Definitely Maybe [30th Anniversary Deluxe Edition],0,BD29E4524AEF409A,9,1
Slide Away (2024 Remaster),Oasis,Oasis,Definitely Maybe [30th Anniversary Deluxe Edition],0,13C369611E3D25F7,10,1
Married With Children (2024 Remaster),Oasis,Oasis,Definitely Maybe [30th Anniversary Deluxe Edition],0,20333637186C7FB8,11,1
Rock 'n' Roll Star [Monnow Valley Version],Oasis,Oasis,Definitely Maybe [30th Anniversary Deluxe Edition],0,26C7143623368B24,1,2
Shakermaker [Monnow Valley Version],Oasis,Oasis,Definitely Maybe [30th Anniversary Deluxe Edition],0,085414A22AAF69B9,2,2
Live Forever [Monnow Valley Version],Oasis,Oasis,Definitely Maybe [30th Anniversary Deluxe Edition],0,76D128C5874EEE6C,3,2
Up In The Sky [Monnow Valley Version],Oasis,Oasis,Definitely Maybe [30th Anniversary Deluxe Edition],0,A52ECB6BA696EDCC,4,2
Columbia [Monnow Valley Version],Oasis,Oasis,Definitely Maybe [30th Anniversary Deluxe Edition],0,5DD025FC093BEE39,5,2
Bring It On Down [Monnow Valley Version],Oasis,Oasis,Definitely Maybe [30th Anniversary Deluxe Edition],0,68C638CBB2732FF2,6,2
Cigarettes & Alcohol [Monnow Valley Version],Oasis,Oasis,Definitely Maybe [30th Anniversary Deluxe Edition],0,24A7078CD5DBAF10,7,2
Digsy's Dinner [Monnow Valley Version],Oasis,Oasis,Definitely Maybe [30th Anniversary Deluxe Edition],0,015A43E4D84C2933,8,2
Rock 'n' Roll Star (Sawmills Outtake),Oasis,Oasis,Definitely Maybe [30th Anniversary Deluxe Edition],0,0F92F15075460EF6,9,2
Up In The Sky (Sawmills Outtake),Oasis,Oasis,Definitely Maybe [30th Anniversary Deluxe Edition],0,5B3D5E855ACED556,10,2
Columbia (Sawmills Outtake),Oasis,Oasis,Definitely Maybe [30th Anniversary Deluxe Edition],0,D957CB6E898B1668,11,2
Bring It On Down (Sawmills Outtake),Oasis,Oasis,Definitely Maybe [30th Anniversary Deluxe Edition],0,363DD816EA5D04C3,12,2
Cigarettes & Alcohol (Sawmills Outtake),Oasis,Oasis,Definitely Maybe [30th Anniversary Deluxe Edition],0,C8175A06A826C148,13,2
Digsy's Dinner (Sawmills Outtake),Oasis,Oasis,Definitely Maybe [30th Anniversary Deluxe Edition],0,085AE1C04EFA6F4F,14,2
Slide Away (Sawmills Outtake),Oasis,Oasis,Definitely Maybe [30th Anniversary Deluxe Edition],0,D316EA5748FF6234,15,2
"Sad Song [Mauldeth Road West Demo, Nov' 92]",Oasis,Oasis,Definitely Maybe [30th Anniversary Deluxe Edition],0,A8FBC6B67FE23526,16,2
Acquiesce,Oasis,Oasis,The Masterplan,0,4B83FD4A7732653A,1,1
Underneath The Sky,Oasis,Oasis,The Masterplan,0,2E6ADDB9D7F611DB,2,1
Talk Tonight,Oasis,Oasis,The Masterplan,0,3DA9F97EE6E77211,3,1
Going Nowhere,Oasis,Oasis,The Masterplan,0,181D646E2B23DDB4,4,1
Fade Away,Oasis,Oasis,The Masterplan,0,B0ACF53D97B40FA1,5,1
The Swamp Song,Oasis,Oasis,The Masterplan,0,A37CFD3C9DC4128E,6,1
"I Am The Walrus (Live Glasgow Cathouse, June '94)",Oasis,Oasis,The Masterplan,0,E293E86465923FF2,7,1
Listen Up,Oasis,Oasis,The Masterplan,0,D8BE8C2C3881E916,8,1
Rockin' Chair,Oasis,Oasis,The Masterplan,0,01491BB94F5B10D7,9,1
Half The World Away,Oasis,Oasis,The Masterplan,0,054900DCD1E14B07,10,1
(It's Good) To Be Free,Oasis,Oasis,The Masterplan,0,3806E8E7BB16B478,11,1
Stay Young,Oasis,Oasis,The Masterplan,0,CE1F7473995FE693,12,1
Headshrinker,Oasis,Oasis,The Masterplan,0,426C07567CB4D4BB,13,1
The Masterplan,Oasis,Oasis,The Masterplan,0,B55C2543407477D9,14,1
Hello,Oasis,Oasis,(What's The Story) Morning Glory? [30th Anniversary Deluxe Edition],0,11C4C9F1FE3A5C30,1,1
Roll with It,Oasis,Oasis,(What's The Story) Morning Glory? [30th Anniversary Deluxe Edition],0,BD559B193CA8DCE5,2,1
Wonderwall,Oasis,Oasis,(What's The Story) Morning Glory? [30th Anniversary Deluxe Edition],0,F4419E49726B7846,3,1
Don't Look Back in Anger,Oasis,Oasis,(What's The Story) Morning Glory? [30th Anniversary Deluxe Edition],0,4878F805D82D7F61,4,1
Hey Now,Oasis,Oasis,(What's The Story) Morning Glory? [30th Anniversary Deluxe Edition],0,9A15EF420DFD6107,5,1
The Swamp Song,Oasis,Oasis,(What's The Story) Morning Glory? [30th Anniversary Deluxe Edition],0,B869C056768DACBF,6,1
Some Might Say,Oasis,Oasis,(What's The Story) Morning Glory? [30th Anniversary Deluxe Edition],0,931ED6E525A51D6A,7,1
Cast No Shadow,Oasis,Oasis,(What's The Story) Morning Glory? [30th Anniversary Deluxe Edition],0,9EB73F5C7F642026,8,1
She's Electric,Oasis,Oasis,(What's The Story) Morning Glory? [30th Anniversary Deluxe Edition],0,891B9C46A08A4DAE,9,1
Morning Glory,Oasis,Oasis,(What's The Story) Morning Glory? [30th Anniversary Deluxe Edition],0,92A92E4F5139EFDD,10,1
The Swamp Song,Oasis,Oasis,(What's The Story) Morning Glory? [30th Anniversary Deluxe Edition],0,178496DA4C5E9F90,11,1
Champagne Supernova,Oasis,Oasis,(What's The Story) Morning Glory? [30th Anniversary Deluxe Edition],0,2EA13A34B8BA0FBF,12,1
Cast No Shadow (Unplugged),Oasis,Oasis,(What's The Story) Morning Glory? [30th Anniversary Deluxe Edition],0,114B38960EE94CB8,1,2
Morning Glory (Unplugged),Oasis,Oasis,(What's The Story) Morning Glory? [30th Anniversary Deluxe Edition],0,0B8C439410ED631C,2,2
Wonderwall (Unplugged),Oasis,Oasis,(What's The Story) Morning Glory? [30th Anniversary Deluxe Edition],0,192AFA526A167334,3,2
Acquiesce (Unplugged),Oasis,Oasis,(What's The Story) Morning Glory? [30th Anniversary Deluxe Edition],0,AC1EAAF7B2472792,4,2
Champagne Supernova (Unplugged),Oasis,Oasis,(What's The Story) Morning Glory? [30th Anniversary Deluxe Edition],0,4836AD81CAFDFAAE,5,2
Just A Song About Ping Pong,Operator Please,Operator Please,"Triple J: Hottest 100, Vol. 15",0,7656CCA0BC1705EC,5,2
Don't Fight It,The Panics,The Panics,"Triple J: Hottest 100, Vol. 15",0,5473E6B3B6ABCF6C,6,2
Once,Pearl Jam,Pearl Jam,Ten,0,95FD70D14456B558,1,1
Even Flow,Pearl Jam,Pearl Jam,Ten,1,4CD8322EA1496F04,2,1
Alive,Pearl Jam,Pearl Jam,Ten,2,132D19A458373ADF,3,1
Why Go,Pearl Jam,Pearl Jam,Ten,0,20963B92A2F67C19,4,1
Black,Pearl Jam,Pearl Jam,Ten,0,63AE6FAD866AB0CC,5,1
Jeremy,Pearl Jam,Pearl Jam,Ten,0,AACB693C99825B7E,6,1
Oceans,Pearl Jam,Pearl Jam,Ten,0,2F6229919A6E8331,7,1
Porch,Pearl Jam,Pearl Jam,Ten,3,17984B93A38C88F6,8,1
Garden,Pearl Jam,Pearl Jam,Ten,0,62A2B75E5D93C2F8,9,1
Deep,Pearl Jam,Pearl Jam,Ten,0,E4F96056B6389681,10,1
Release,Pearl Jam,Pearl Jam,Ten,0,5908EB1E70D9DE37,11,1
Go,Pearl Jam,Pearl Jam,Vs.,0,2D8CB625C7E402C0,1,1
Animal,Pearl Jam,Pearl Jam,Vs.,0,2C522068E8AAE3E1,2,1
Daughter,Pearl Jam,Pearl Jam,Vs.,0,B7429D3C5D9A0FC1,3,1
Glorified G,Pearl Jam,Pearl Jam,Vs.,0,E1C739334C362400,4,1
Dissident,Pearl Jam,Pearl Jam,Vs.,0,1526F848B7844B1C,5,1
W.M.A.,Pearl Jam,Pearl Jam,Vs.,0,AE8F2B3240BA9ADF,6,1
Blood,Pearl Jam,Pearl Jam,Vs.,0,564FE48AE429E2A0,7,1
Rearviewmirror,Pearl Jam,Pearl Jam,Vs.,0,B002F0063A2654A3,8,1
Rats,Pearl Jam,Pearl Jam,Vs.,0,F74FB5359A96D1C4,9,1
Elderly Woman Behind The Counter In A Small Town,Pearl Jam,Pearl Jam,Vs.,0,638504A5BDE2F40D,10,1
Leash,Pearl Jam,Pearl Jam,Vs.,0,091BEB1DBA75D795,11,1
Indifference,Pearl Jam,Pearl Jam,Vs.,0,A04C5AC9982DFE08,12,1
Debaser,Pixies,Pixies,Doolittle,0,D23DEA5EB8D52E96,1,1
Tame,Pixies,Pixies,Doolittle,0,4B3EC2FDD71F1B48,2,1
Wave Of Mutilation,Pixies,Pixies,Doolittle,0,798315A8A3F6E972,3,1
I Bleed,Pixies,Pixies,Doolittle,0,E572970B5AA10A3D,4,1
Here Comes Your Man,Pixies,Pixies,Doolittle,0,D9D7F330E2A8CFED,5,1
Dead,Pixies,Pixies,Doolittle,0,F9B11A62B2913381,6,1
Monkey Gone To Heaven,Pixies,Pixies,Doolittle,2,C3BD5B0B49C7B7B3,7,1
Mr. Grieves,Pixies,Pixies,Doolittle,0,28473E444CDEB73F,8,1
Crackity Jones,Pixies,Pixies,Doolittle,0,DA628A498F682A7F,9,1
La La Love You,Pixies,Pixies,Doolittle,0,21317A4D8382678E,10,1
No. 13 Baby,Pixies,Pixies,Doolittle,0,BFC980A5B12ED30B,11,1
There Goes My Gun,Pixies,Pixies,Doolittle,0,5BB93E00C1C84C2D,12,1
Hey,Pixies,Pixies,Doolittle,1,299444B1A208D4A7,13,1
Silver,Pixies,Pixies,Doolittle,0,F9DD5BF58F63A1A9,14,1
Gouge Away,Pixies,Pixies,Doolittle,0,39CD36BCB30A16F2,15,1
Wild Strawberries,PNAU,PNAU,"Triple J: Hottest 100, Vol. 15",0,09CBDE5295F82D92,22,2
My People,The Presets,The Presets,"Triple J: Hottest 100, Vol. 15",2,6F27E9BD8BF2C600,2,2
Turnin' On The Screw,Queens Of The Stone Age,Queens Of The Stone Age,Era Vulgaris,0,F70ED90636521839,1,1
"Sick, Sick, Sick",Queens Of The Stone Age,Queens Of The Stone Age,Era Vulgaris,0,4E2D338A1888FC10,2,1
I'm Designer,Queens Of The Stone Age,Queens Of The Stone Age,Era Vulgaris,0,72743A9E9875B09C,3,1
Into The Hollow,Queens Of The Stone Age,Queens Of The Stone Age,Era Vulgaris,0,0EE6D93BD0D11CEB,4,1
Misfit Love,Queens Of The Stone Age,Queens Of The Stone Age,Era Vulgaris,1,F57FDCE04C389003,5,1
Battery Acid,Queens Of The Stone Age,Queens Of The Stone Age,Era Vulgaris,0,FEF3DA229D553157,6,1
Make It Wit Chu,Queens Of The Stone Age,Queens Of The Stone Age,Era Vulgaris,0,EB93D2A9F6CFC520,7,1
3's & 7's,Queens Of The Stone Age,Queens Of The Stone Age,Era Vulgaris,0,CD6D099A570DF60A,8,1
Suture Up Your Future,Queens Of The Stone Age,Queens Of The Stone Age,Era Vulgaris,0,70DA9814A3FFAC52,9,1
River In The Road,Queens Of The Stone Age,Queens Of The Stone Age,Era Vulgaris,0,41BB314EA656B992,10,1
"Run, Pig, Run",Queens Of The Stone Age,Queens Of The Stone Age,Era Vulgaris,0,1CFCA01E1B53B61F,11,1
Running Joke,Queens Of The Stone Age,Queens Of The Stone Age,Era Vulgaris,0,A83C6F0C408BA7AA,12,1
Era Vulgaris,Queens Of The Stone Age,Queens Of The Stone Age,Era Vulgaris,0,52F31CF24E7739A7,13,1
Obscenery,Queens Of The Stone Age,Queens Of The Stone Age,In Times New Roman...,0,75AC1F47CA0B1877,1,1
Paper Machete,Queens Of The Stone Age,Queens Of The Stone Age,In Times New Roman...,0,357E36650C3E7E1B,2,1
Negative Space,Queens Of The Stone Age,Queens Of The Stone Age,In Times New Roman...,0,C4DCC80EE08D354A,3,1
Time & Place,Queens Of The Stone Age,Queens Of The Stone Age,In Times New Roman...,0,EBC69288B17F287A,4,1
Made To Parade,Queens Of The Stone Age,Queens Of The Stone Age,In Times New Roman...,0,66487A4ECFD7CE80,5,1
Carnavoyeur,Queens Of The Stone Age,Queens Of The Stone Age,In Times New Roman...,0,9F1C43938D97DEC2,6,1
What The Peephole Say,Queens Of The Stone Age,Queens Of The Stone Age,In Times New Roman...,0,661B112CF8DE9432,7,1
Sicily,Queens Of The Stone Age,Queens Of The Stone Age,In Times New Roman...,0,E1BB0FF41F040EDB,8,1
Emotion Sickness,Queens Of The Stone Age,Queens Of The Stone Age,In Times New Roman...,0,1030390859136251,9,1
Straight Jacket Fitting,Queens Of The Stone Age,Queens Of The Stone Age,In Times New Roman...,0,16B322A3F31F5C53,10,1
Keep Your Eyes Peeled,Queens Of The Stone Age,Queens Of The Stone Age,...Like Clockwork,0,39A6CA9D1333A493,1,1
I Sat By The Ocean,Queens Of The Stone Age,Queens Of The Stone Age,...Like Clockwork,0,4936EE72099464E9,2,1
The Vampyre Of Time And Memory,Queens Of The Stone Age,Queens Of The Stone Age,...Like Clockwork,1,35F9143D09F1F542,3,1
If I Had A Tail,Queens Of The Stone Age,Queens Of The Stone Age,...Like Clockwork,0,4EB880A738B9488D,4,1
My God Is The Sun,Queens Of The Stone Age,Queens Of The Stone Age,...Like Clockwork,0,C9E7BCA8700B5235,5,1
Kalopsia,Queens Of The Stone Age,Queens Of The Stone Age,...Like Clockwork,0,A7A83348A14364E8,6,1
Fairweather Friends,Queens Of The Stone Age,Queens Of The Stone Age,...Like Clockwork,0,A81AC736BCC9DEE6,7,1
Smooth Sailing,Queens Of The Stone Age,Queens Of The Stone Age,...Like Clockwork,0,A3CF2DF6332414F7,8,1
I Appear Missing,Queens Of The Stone Age,Queens Of The Stone Age,...Like Clockwork,0,1BF8CBAB48E59EC2,9,1
...Like Clockwork,Queens Of The Stone Age,Queens Of The Stone Age,...Like Clockwork,0,F62732A2B86ADCCE,10,1
This Lullaby,Queens Of The Stone Age,Queens Of The Stone Age,Lullabies To Paralyze,0,1B1DEC480364EC89,1,1
Medication,Queens Of The Stone Age,Queens Of The Stone Age,Lullabies To Paralyze,0,10C585E00E9FA1A4,2,1
Everybody Knows That You're Insane,Queens Of The Stone Age,Queens Of The Stone Age,Lullabies To Paralyze,0,161992F3203A3A5F,3,1
Tangled Up In Plaid,Queens Of The Stone Age,Queens Of The Stone Age,Lullabies To Paralyze,0,52E9C66750FC2226,4,1
Burn The Witch,Queens Of The Stone Age,Queens Of The Stone Age,Lullabies To Paralyze,0,CE153BE59189C44A,5,1
In My Head,Queens Of The Stone Age,Queens Of The Stone Age,Lullabies To Paralyze,0,F8D06AE434DF6F7F,6,1
Little Sister,Queens Of The Stone Age,Queens Of The Stone Age,Lullabies To Paralyze,0,CEE0022D26CF2BD2,7,1
I Never Came,Queens Of The Stone Age,Queens Of The Stone Age,Lullabies To Paralyze,0,5D8E25A8C095D741,8,1
Someone's In The Wolf,Queens Of The Stone Age,Queens Of The Stone Age,Lullabies To Paralyze,0,DEDB27AD9534BDB3,9,1
The Blood Is Love,Queens Of The Stone Age,Queens Of The Stone Age,Lullabies To Paralyze,0,967A5B9529F661BF,10,1
Skin On Skin,Queens Of The Stone Age,Queens Of The Stone Age,Lullabies To Paralyze,0,0E923A5B8B0F13F4,11,1
Broken Box,Queens Of The Stone Age,Queens Of The Stone Age,Lullabies To Paralyze,0,22E0F9B6905A4841,12,1
"""You Got A Killer Scene There, Man...""",Queens Of The Stone Age,Queens Of The Stone Age,Lullabies To Paralyze,0,B726F8D9815CDDFE,13,1
Long Slow Goodbye,Queens Of The Stone Age,Queens Of The Stone Age,Lullabies To Paralyze,0,790EB8F8C02A3D64,14,1
Like A Drug,Queens Of The Stone Age,Queens Of The Stone Age,Lullabies To Paralyze,0,D554EB2B144A158A,15,1
Regular John,Queens Of The Stone Age,Queens Of The Stone Age,Queens Of The Stone Age,0,487244D5FF99D29D,1,1
Avon,Queens Of The Stone Age,Queens Of The Stone Age,Queens Of The Stone Age,0,553BB4CDA9533670,2,1
If Only,Queens Of The Stone Age,Queens Of The Stone Age,Queens Of The Stone Age,0,B5013DC02DD668B8,3,1
Walkin On The Sidewalks,Queens Of The Stone Age,Queens Of The Stone Age,Queens Of The Stone Age,0,B3D8F8EEB6E9A89C,4,1
You Would Know,Queens Of The Stone Age,Queens Of The Stone Age,Queens Of The Stone Age,0,11C56A49BA1DDE21,5,1
The Bronze,Queens Of The Stone Age,Queens Of The Stone Age,Queens Of The Stone Age,0,7575E28C2376CED6,6,1
How To Handle A Rope (A Lesson In The Lariat),Queens Of The Stone Age,Queens Of The Stone Age,Queens Of The Stone Age,0,FE63E7DA0D776ECB,7,1
Mexicola,Queens Of The Stone Age,Queens Of The Stone Age,Queens Of The Stone Age,0,1B48AE46EC3D091B,8,1
Hispanic Impressions,Queens Of The Stone Age,Queens Of The Stone Age,Queens Of The Stone Age,0,96BA7E4F477DC5EE,9,1
You Can't Quit Me Baby,Queens Of The Stone Age,Queens Of The Stone Age,Queens Of The Stone Age,2,C8D39D864169BAE1,10,1
These Aren't The Droids You're Looking For,Queens Of The Stone Age,Queens Of The Stone Age,Queens Of The Stone Age,0,32798020C3A2BBD6,11,1
Give The Mule What He Wants,Queens Of The Stone Age,Queens Of The Stone Age,Queens Of The Stone Age,0,AEBF5225BCC656C8,12,1
Spiders And Vinegaroons,Queens Of The Stone Age,Queens Of The Stone Age,Queens Of The Stone Age,0,6896E8A15BC56FD9,13,1
I Was A Teenage Hand Model,Queens Of The Stone Age,Queens Of The Stone Age,Queens Of The Stone Age,0,E882E77850379C0E,14,1
Feel Good Hit Of The Summer,Queens Of The Stone Age,Queens Of The Stone Age,Rated R,1,804AF9717346CC33,1,1
The Lost Art Of Keeping A Secret,Queens Of The Stone Age,Queens Of The Stone Age,Rated R,2,5FF9E3788C1915BA,2,1
Leg Of Lamb,Queens Of The Stone Age,Queens Of The Stone Age,Rated R,0,183D68999A202DF3,3,1
Auto Pilot,Queens Of The Stone Age,Queens Of The Stone Age,Rated R,0,00F0BA3194CB936F,4,1
Better Living Through Chemistry,Queens Of The Stone Age,Queens Of The Stone Age,Rated R,0,720E94F9E15EA211,5,1
Monsters In The Parasol,Queens Of The Stone Age,Queens Of The Stone Age,Rated R,0,31D6FEB688011CCB,6,1
Quick And To The Pointless,Queens Of The Stone Age,Queens Of The Stone Age,Rated R,2,652EEFF213B07767,7,1
In The Fade,Queens Of The Stone Age,Queens Of The Stone Age,Rated R,2,72DDA1D1C71E733D,8,1
Feel Good Hit Of The Summer (Reprise),Queens Of The Stone Age,Queens Of The Stone Age,Rated R,0,FB07ED7A1E07D26F,9,1
Tension Head,Queens Of The Stone Age,Queens Of The Stone Age,Rated R,1,18F8207E29F83810,10,1
Lightning Song,Queens Of The Stone Age,Queens Of The Stone Age,Rated R,0,9653033F44A52515,11,1
I Think I Lost My Headache,Queens Of The Stone Age,Queens Of The Stone Age,Rated R,0,ED48DEA2A7751C6A,12,1
You Think I Ain't Worth A Dollar But I Feel Like A Millionaire,Queens Of The Stone Age,Queens Of The Stone Age,Songs For The Deaf,0,4DFFB38D406134DA,1,1
No One Knows,Queens Of The Stone Age,Queens Of The Stone Age,Songs For The Deaf,2,FE8ED54C8126D798,2,1
First It Giveth,Queens Of The Stone Age,Queens Of The Stone Age,Songs For The Deaf,4,A1B038B07DF94E3A,3,1
A Song For The Dead,Queens Of The Stone Age,Queens Of The Stone Age,Songs For The Deaf,0,2D1781CF5C1E4E7C,4,1
The Sky Is Fallin',Queens Of The Stone Age,Queens Of The Stone Age,Songs For The Deaf,0,F0AEA06F003674A9,5,1
Six Shooter,Queens Of The Stone Age,Queens Of The Stone Age,Songs For The Deaf,0,7C5AB0C6CB79D5C5,6,1
Hangin' Tree,Queens Of The Stone Age,Queens Of The Stone Age,Songs For The Deaf,2,66C0BB0EC7CF3F4F,7,1
Go With The Flow,Queens Of The Stone Age,Queens Of The Stone Age,Songs For The Deaf,1,C5D6F64106A42BA3,8,1
Gonna Leave You,Queens Of The Stone Age,Queens Of The Stone Age,Songs For The Deaf,0,F92E13645B5D03FF,9,1
Do It Again,Queens Of The Stone Age,Queens Of The Stone Age,Songs For The Deaf,0,BAE74E6E6B6FA2EA,10,1
God Is In The Radio,Queens Of The Stone Age,Queens Of The Stone Age,Songs For The Deaf,0,67E22AC2B8F356FA,11,1
Another Love Song,Queens Of The Stone Age,Queens Of The Stone Age,Songs For The Deaf,0,045FCFE9FA3386F2,12,1
A Song For The Deaf,Queens Of The Stone Age,Queens Of The Stone Age,Songs For The Deaf,0,F17C4DBE7B7C18DA,13,1
Mosquito Song,Queens Of The Stone Age,Queens Of The Stone Age,Songs For The Deaf,0,9730C0E28E5588E6,14,1
Everybody's Gonna Be Happy,Queens Of The Stone Age,Queens Of The Stone Age,Songs For The Deaf,0,EC8A047A2F856E1A,15,1
"Steady, As She Goes",The Raconteurs,The Raconteurs,Broken Boy Soldiers,1,5C4C3611AAE3B333,1,1
Hands,The Raconteurs,The Raconteurs,Broken Boy Soldiers,1,CEC58BDA83781775,2,1
Broken Boy Soldier,The Raconteurs,The Raconteurs,Broken Boy Soldiers,0,4B01AE27D8241986,3,1
Intimate Secretary,The Raconteurs,The Raconteurs,Broken Boy Soldiers,0,00487116A71E0263,4,1
Together,The Raconteurs,The Raconteurs,Broken Boy Soldiers,0,80962632018AD91F,5,1
Level,The Raconteurs,The Raconteurs,Broken Boy Soldiers,0,3ACCFAF8343EA00B,6,1
Store Bought Bones,The Raconteurs,The Raconteurs,Broken Boy Soldiers,0,4180D7EDD47C8AAE,7,1
Yellow Sun,The Raconteurs,The Raconteurs,Broken Boy Soldiers,1,28B66B5B3D6CC8A5,8,1
Call It A Day,The Raconteurs,The Raconteurs,Broken Boy Soldiers,0,3ACC816DBFDEB406,9,1
Blue Veins,The Raconteurs,The Raconteurs,Broken Boy Soldiers,0,06858C96FE125AD9,10,1
Packt Like Sardines In A Crushd Tin Box,Radiohead,Radiohead,Amnesiac,0,F4C8F778A0BAFFA5,1,1
Pyramid Song,Radiohead,Radiohead,Amnesiac,0,09E715B2E715AA1B,2,1
Pulk/Pull Revolving Doors,Radiohead,Radiohead,Amnesiac,0,AB96801078116081,3,1
You And Whose Army?,Radiohead,Radiohead,Amnesiac,1,74CC8743CEEBF9C8,4,1
I Might Be Wrong,Radiohead,Radiohead,Amnesiac,0,110FF1453FD81423,5,1
Knives Out,Radiohead,Radiohead,Amnesiac,0,04968CABBAF269F3,6,1
Morning Bell/Amnesiac,Radiohead,Radiohead,Amnesiac,0,6FC8469AA3A6D1F7,7,1
Dollars & Cents,Radiohead,Radiohead,Amnesiac,0,66982533FE60519F,8,1
Hunting Bears,Radiohead,Radiohead,Amnesiac,0,31974F90DD637B05,9,1
Like Spinning Plates,Radiohead,Radiohead,Amnesiac,0,6B8BB2C92DBC1B8B,10,1
Life In A Glass House,Radiohead,Radiohead,Amnesiac,0,E82AE3F70D0C21BA,11,1
Planet Telex,Radiohead,Radiohead,The Bends,0,F80074FBEB14C086,1,1
The Bends,Radiohead,Radiohead,The Bends,0,56DEE927EB72F98F,2,1
High And Dry,Radiohead,Radiohead,The Bends,0,44274958991D93A1,3,1
Fake Plastic Trees,Radiohead,Radiohead,The Bends,0,AC7026967EFE4A26,4,1
Bones,Radiohead,Radiohead,The Bends,0,5977F8D42D356972,5,1
(Nice Dream),Radiohead,Radiohead,The Bends,0,987627A504152515,6,1
Just,Radiohead,Radiohead,The Bends,1,2645A0953E455A18,7,1
My Iron Lung,Radiohead,Radiohead,The Bends,0,37F585255C056B81,8,1
Bullet Proof...I Wish I Was,Radiohead,Radiohead,The Bends,0,07A6BE221E0A7DE0,9,1
Black Star,Radiohead,Radiohead,The Bends,0,0580DE684C70C943,10,1
Sulk,Radiohead,Radiohead,The Bends,0,6B2FA6CC0D98AB05,11,1
Street Spirit (Fade Out),Radiohead,Radiohead,The Bends,0,C53B59B1CB862669,12,1
2 + 2 = 5 (The Lukewarm.),Radiohead,Radiohead,Hail To The Thief,1,2321345EC049D6D1,1,1
Sit Down. Stand Up. (Snakes & Ladders.),Radiohead,Radiohead,Hail To The Thief,0,3E5C6B0AB3D66492,2,1
Sail To The Moon. (Brush The Cobwebs Out Of The Sky.),Radiohead,Radiohead,Hail To The Thief,0,F8034FCB1666A4D9,3,1
Backdrifts. (Honeymoon Is Over.),Radiohead,Radiohead,Hail To The Thief,0,9A4FBB7CC5A1525D,4,1
Go To Sleep. (Little Man Being Erased.),Radiohead,Radiohead,Hail To The Thief,0,601CA85E238E54A4,5,1
Where I End And You Begin. (The Sky Is Falling In.),Radiohead,Radiohead,Hail To The Thief,0,576415154A9DE9A7,6,1
We Suck Young Blood. (Your Time Is Up.),Radiohead,Radiohead,Hail To The Thief,0,BFF6834123D403D5,7,1
The Gloaming. (Softly Open Our Mouths In The Cold.),Radiohead,Radiohead,Hail To The Thief,0,79D09F4132292AD3,8,1
There There. (The Boney King Of Nowhere.),Radiohead,Radiohead,Hail To The Thief,0,FED2505382F3F61E,9,1
I Will. (No Man's Land.),Radiohead,Radiohead,Hail To The Thief,0,72CA6FE556DF39C4,10,1
A Punchup At A Wedding. (No No No No No No No No.),Radiohead,Radiohead,Hail To The Thief,0,52F168F6F95B1A93,11,1
"Myxomatosis. (Judge, Jury & Executioner.)",Radiohead,Radiohead,Hail To The Thief,0,66E3FEAFB96BB039,12,1
Scatterbrain. (As Dead As Leaves.),Radiohead,Radiohead,Hail To The Thief,0,C0FA5843C1611C4F,13,1
A Wolf At The Door. (It Girl. Rag Doll.),Radiohead,Radiohead,Hail To The Thief,0,7339CD5D2AB79B95,14,1
The National Anthem,Radiohead,Radiohead,I Might Be Wrong: Live Recordings,0,E6D2371C1FDB12F2,1,1
I Might Be Wrong,Radiohead,Radiohead,I Might Be Wrong: Live Recordings,0,D3DA990EDA763461,2,1
Morning Bell,Radiohead,Radiohead,I Might Be Wrong: Live Recordings,1,BB1E99A58C8D60BD,3,1
Like Spinning Plates,Radiohead,Radiohead,I Might Be Wrong: Live Recordings,0,25A5AEB2A854A3DE,4,1
Idioteque,Radiohead,Radiohead,I Might Be Wrong: Live Recordings,0,7F8DEAD888C1A2D6,5,1
Everything In Its Right Place,Radiohead,Radiohead,I Might Be Wrong: Live Recordings,0,16880CBC093EC102,6,1
Dollars And Cents,Radiohead,Radiohead,I Might Be Wrong: Live Recordings,0,4575A38D3714875B,7,1
True Love Waits,Radiohead,Radiohead,I Might Be Wrong: Live Recordings,0,11280C10EDD2181C,8,1
15 Step,Radiohead,Radiohead,In Rainbows,0,2866939A7F23D66F,1,1
Bodysnatchers,Radiohead,Radiohead,In Rainbows,0,448625B73D0777A3,2,1
Nude,Radiohead,Radiohead,In Rainbows,0,EE0AE853A2AF2501,3,1
Weird Fishes/Arpeggi,Radiohead,Radiohead,In Rainbows,0,1A52A59CC34E02B2,4,1
All I Need,Radiohead,Radiohead,In Rainbows,0,551BF658E94361B3,5,1
Faust Arp,Radiohead,Radiohead,In Rainbows,0,3EFFD79717CA8951,6,1
Reckoner,Radiohead,Radiohead,In Rainbows,0,1F012425FF0494F5,7,1
House Of Cards,Radiohead,Radiohead,In Rainbows,0,2936D194E249270D,8,1
Jigsaw Falling Into Place,Radiohead,Radiohead,In Rainbows,0,366BC0980ED24CD2,9,1
Videotape,Radiohead,Radiohead,In Rainbows,0,1241639581722E76,10,1
Everything In Its Right Place,Radiohead,Radiohead,Kid A,0,897BBC879C4DEDE8,1,1
Kid A,Radiohead,Radiohead,Kid A,0,DA177BC002F5E19D,2,1
The National Anthem,Radiohead,Radiohead,Kid A,0,753847F559E4E21B,3,1
How To Disappear Completely,Radiohead,Radiohead,Kid A,0,3C658675F3F962F3,4,1
Treefingers,Radiohead,Radiohead,Kid A,0,AC1E94CFC7207316,5,1
Optimistic,Radiohead,Radiohead,Kid A,0,73948BD4D717A7E0,6,1
In Limbo,Radiohead,Radiohead,Kid A,0,9A1F26C491C2AEBE,7,1
Idioteque,Radiohead,Radiohead,Kid A,0,F1222D6A51E6F90E,8,1
Morning Bell,Radiohead,Radiohead,Kid A,0,C24D68578A0DC026,9,1
Motion Picture Soundtrack,Radiohead,Radiohead,Kid A,0,232C5D9244B4968D,10,1
Burn The Witch,Radiohead,Radiohead,A Moon Shaped Pool,0,C34E838A9061594F,1,1
Daydreaming,Radiohead,Radiohead,A Moon Shaped Pool,0,3661D9CD749627DD,2,1
Decks Dark,Radiohead,Radiohead,A Moon Shaped Pool,0,50B5F26D08445DC1,3,1
Desert Island Disk,Radiohead,Radiohead,A Moon Shaped Pool,0,53E2EB82BFDE5661,4,1
Ful Stop,Radiohead,Radiohead,A Moon Shaped Pool,0,0B54249B9F35032F,5,1
Glass Eyes,Radiohead,Radiohead,A Moon Shaped Pool,0,075BDC25F385C100,6,1
Identikit,Radiohead,Radiohead,A Moon Shaped Pool,0,E01C2A26071BF55D,7,1
The Numbers,Radiohead,Radiohead,A Moon Shaped Pool,0,7FD42598764DD48F,8,1
Present Tense,Radiohead,Radiohead,A Moon Shaped Pool,0,6F6CFD2FEBF90FD3,9,1
Tinker Tailor Soldier Sailor Rich Man Poor Man Beggar Man Thief,Radiohead,Radiohead,A Moon Shaped Pool,0,A64ADEB97A55F1DD,10,1
True Love Waits,Radiohead,Radiohead,A Moon Shaped Pool,0,79D64C6AF199ED49,11,1
Airbag,Radiohead,Radiohead,OK Computer,0,A0ACEE29709CCEC3,1,1
Paranoid Android,Radiohead,Radiohead,OK Computer,2,A83BF545A2056418,2,1
Subterranean Homesick Alien,Radiohead,Radiohead,OK Computer,0,1080E3DADA811646,3,1
Exit Music (For A Film),Radiohead,Radiohead,OK Computer,0,2248AD720A6576BE,4,1
Let Down,Radiohead,Radiohead,OK Computer,0,87F83458BA20B81C,5,1
Karma Police,Radiohead,Radiohead,OK Computer,0,2253FBD303234687,6,1
Fitter Happier,Radiohead,Radiohead,OK Computer,0,447A2FAD0280FF0F,7,1
Electioneering,Radiohead,Radiohead,OK Computer,0,47237A2822E3B7CB,8,1
Climbing Up The Walls,Radiohead,Radiohead,OK Computer,0,C7610921CC05D3AB,9,1
No Surprises,Radiohead,Radiohead,OK Computer,0,66E805E16B768966,10,1
Lucky,Radiohead,Radiohead,OK Computer,0,722141E19153F4EA,11,1
The Tourist,Radiohead,Radiohead,OK Computer,0,1F0B88430E6E91DD,12,1
I Promise,Radiohead,Radiohead,OK Computer,0,DFE87145098B47B6,1,2
Man of War,Radiohead,Radiohead,OK Computer,2,64088718451A8D62,2,2
Lift,Radiohead,Radiohead,OK Computer,0,52EB0900F8BCCAF3,3,2
Lull,Radiohead,Radiohead,OK Computer,0,674C7FD81A80C256,4,2
Meeting in the Aisle,Radiohead,Radiohead,OK Computer,0,5296D6F3637A7F7A,5,2
Melatonin,Radiohead,Radiohead,OK Computer,0,1A319A208F216864,6,2
A Reminder,Radiohead,Radiohead,OK Computer,0,50AC7170264D4F94,7,2
Polyethylene Part 1,Radiohead,Radiohead,OK Computer,0,E83E4DDF4305DC18,8,2
Polyethylene Part 2,Radiohead,Radiohead,OK Computer,1,E36179EA9CFAF86E,9,2
Pearly*,Radiohead,Radiohead,OK Computer,0,A783E0D4B8146E62,10,2
Palo Alto,Radiohead,Radiohead,OK Computer,0,34AC59804E4C44F6,11,2
How I Made My Millions,Radiohead,Radiohead,OK Computer,0,030E21D6E00BF7B0,12,2
Jigsaw Falling Into Place,Radiohead,Radiohead,"Triple J: Hottest 100, Vol. 15",0,D44E323F41D2CA33,16,2
The Power Of Equality,Red Hot Chili Peppers,Red Hot Chili Peppers,Blood Sugar Sex Magik,0,B060EA0725E870A4,1,1
If You Have To Ask,Red Hot Chili Peppers,Red Hot Chili Peppers,Blood Sugar Sex Magik,0,F6A7F6B592447058,2,1
Breaking The Girl,Red Hot Chili Peppers,Red Hot Chili Peppers,Blood Sugar Sex Magik,0,BCBF03EA0A204E8E,3,1
Funky Monks,Red Hot Chili Peppers,Red Hot Chili Peppers,Blood Sugar Sex Magik,0,23B6109A9E096639,4,1
Suck My Kiss,Red Hot Chili Peppers,Red Hot Chili Peppers,Blood Sugar Sex Magik,0,3364BABF65D7DD9E,5,1
I Could Have Lied,Red Hot Chili Peppers,Red Hot Chili Peppers,Blood Sugar Sex Magik,0,16B53309178FE1F5,6,1
Mellowship Slinky In B Major,Red Hot Chili Peppers,Red Hot Chili Peppers,Blood Sugar Sex Magik,0,C65187D07B36FF80,7,1
The Righteous & The Wicked,Red Hot Chili Peppers,Red Hot Chili Peppers,Blood Sugar Sex Magik,0,598BE7A00B2EE8E7,8,1
Give It Away,Red Hot Chili Peppers,Red Hot Chili Peppers,Blood Sugar Sex Magik,0,C4F5E7D74E96D382,9,1
Blood Sugar Sex Magik,Red Hot Chili Peppers,Red Hot Chili Peppers,Blood Sugar Sex Magik,0,3546207173A6D6DB,10,1
Under The Bridge,Red Hot Chili Peppers,Red Hot Chili Peppers,Blood Sugar Sex Magik,1,B463FEE285356A0D,11,1
Naked In The Rain,Red Hot Chili Peppers,Red Hot Chili Peppers,Blood Sugar Sex Magik,0,4A01971BCC218C8A,12,1
Apache Rose Peacock,Red Hot Chili Peppers,Red Hot Chili Peppers,Blood Sugar Sex Magik,0,EED7C6CBAD94834D,13,1
The Greeting Song,Red Hot Chili Peppers,Red Hot Chili Peppers,Blood Sugar Sex Magik,0,138BEBDC87AAE51E,14,1
My Lovely Man,Red Hot Chili Peppers,Red Hot Chili Peppers,Blood Sugar Sex Magik,0,BE2C4FD170FE2287,15,1
Sir Psycho Sexy,Red Hot Chili Peppers,Red Hot Chili Peppers,Blood Sugar Sex Magik,0,779EB54837844285,16,1
They're Red Hot,Red Hot Chili Peppers,Red Hot Chili Peppers,Blood Sugar Sex Magik,0,F34B8E5ED84A8832,17,1
Across The Night,Silverchair,Silverchair,Diorama,0,B2C23ABD4E66960C,1,1
The Greatest View,Silverchair,Silverchair,Diorama,0,50C4BA5C03D7A83B,2,1
Without You,Silverchair,Silverchair,Diorama,0,B35600B07AF17134,3,1
World Upon Your Shoulders,Silverchair,Silverchair,Diorama,0,AD2B082CC624B0DA,4,1
One Way Mule,Silverchair,Silverchair,Diorama,0,4F7587BCAB1ED549,5,1
Tuna In The Brine,Silverchair,Silverchair,Diorama,0,B298A04547E37AC7,6,1
Too Much Of Not Enough,Silverchair,Silverchair,Diorama,0,BD3754EB83A25A0A,7,1
Luv Your Life,Silverchair,Silverchair,Diorama,0,13D91319DAA85112,8,1
The Lever,Silverchair,Silverchair,Diorama,0,8A1AE09B6D29B45F,9,1
My Favourite Thing,Silverchair,Silverchair,Diorama,0,41488501F6B01D45,10,1
After All These Years/Outro,Silverchair,Silverchair,Diorama,0,E31A7A66F89AA338,11,1
Slave,Silverchair,Silverchair,Freak Show,0,F6557FC9F3D580F6,1,1
Freak,Silverchair,Silverchair,Freak Show,0,CD41EDC011F93FE9,2,1
Abuse Me,Silverchair,Silverchair,Freak Show,0,D46BFA26A0303370,3,1
Lie To Me,Silverchair,Silverchair,Freak Show,0,D6C0B62640AAA9BD,4,1
No Association,Silverchair,Silverchair,Freak Show,0,B0ABA7AA2E62AAB7,5,1
Cemetery,Silverchair,Silverchair,Freak Show,0,5E1EE4338CF9FECA,6,1
The Door,Silverchair,Silverchair,Freak Show,0,6BE3C7F045A88A3F,7,1
Pop Song For Us Rejects,Silverchair,Silverchair,Freak Show,0,352A00F862E2267E,8,1
Learn To Hate,Silverchair,Silverchair,Freak Show,1,676B40AE7AE8A222,9,1
Petrol & Chlorine,Silverchair,Silverchair,Freak Show,0,AA23ED3161BDE9CE,10,1
Roses,Silverchair,Silverchair,Freak Show,0,387948C611C8B7C3,11,1
Nobody Came,Silverchair,Silverchair,Freak Show,0,AD088F4780ECF306,12,1
The Closing,Silverchair,Silverchair,Freak Show,0,43331CFA9AC9FD3D,13,1
Israel's Son,Silverchair,Silverchair,Frogstomp,1,74AD14A1CE02A553,1,1
Tomorrow,Silverchair,Silverchair,Frogstomp,1,585ED882E727C6B0,2,1
Faultline,Silverchair,Silverchair,Frogstomp,0,E9BDAEB2BB3CF61E,3,1
Pure Massacre,Silverchair,Silverchair,Frogstomp,0,D6549ED741C7B7D3,4,1
Shade,Silverchair,Silverchair,Frogstomp,0,310CA28A1432CFD0,5,1
Leave Me Out,Silverchair,Silverchair,Frogstomp,0,F831BD7E7A99BD55,6,1
Suicidal Dream,Silverchair,Silverchair,Frogstomp,0,B87537FFA8F1C23F,7,1
Madman,Silverchair,Silverchair,Frogstomp,0,52EDC43E2BAA8FE1,8,1
Undecided,Silverchair,Silverchair,Frogstomp,0,BADC238A3B81E7CD,9,1
Cicada,Silverchair,Silverchair,Frogstomp,0,E6E962788228E895,10,1
Findaway,Silverchair,Silverchair,Frogstomp,0,E8B2BB33FA7CCA40,11,1
Straight Lines,Silverchair,Silverchair,"Triple J: Hottest 100, Vol. 15",0,D386177A31B9DAB4,1,2
We Get Around,Silverchair,Silverchair,"Triple J: Hottest 100, Vol. 15",0,7A03D30C726FEACE,3,2
Tie Up My Hands,Silverchair,Silverchair,"Triple J: Hottest 100, Vol. 15",0,C41B3DD692111676,9,2
Recapturing The Vibe Restrung,Silverchair,Silverchair,"Triple J: Hottest 100, Vol. 15",0,BEC1077D90F6641F,20,2
Mellon Collie And The Infinite Sadness,Smashing Pumpkins,Smashing Pumpkins,Mellon Collie And The Infinite Sadness,0,8553E86C7E35A0C7,1,1
"Tonight, Tonight",Smashing Pumpkins,Smashing Pumpkins,Mellon Collie And The Infinite Sadness,0,EE70E4E08FE2E6BC,2,1
Jellybelly,Smashing Pumpkins,Smashing Pumpkins,Mellon Collie And The Infinite Sadness,0,7964394B42E471BA,3,1
Zero,Smashing Pumpkins,Smashing Pumpkins,Mellon Collie And The Infinite Sadness,0,107F2F794945D055,4,1
Here Is No Why,Smashing Pumpkins,Smashing Pumpkins,Mellon Collie And The Infinite Sadness,0,5A359BA194D39F5B,5,1
Bullet With Butterfly Wings,Smashing Pumpkins,Smashing Pumpkins,Mellon Collie And The Infinite Sadness,0,CF343DB4D8C182B7,6,1
To Forgive,Smashing Pumpkins,Smashing Pumpkins,Mellon Collie And The Infinite Sadness,0,F58FAB3B100D31D9,7,1
An Ode To No One,Smashing Pumpkins,Smashing Pumpkins,Mellon Collie And The Infinite Sadness,0,84F7EC158E4FCDFD,8,1
Love,Smashing Pumpkins,Smashing Pumpkins,Mellon Collie And The Infinite Sadness,0,ED84BE43EF661FFE,9,1
Cupid De Locke,Smashing Pumpkins,Smashing Pumpkins,Mellon Collie And The Infinite Sadness,0,675377102EACCDC6,10,1
Galapogos,Smashing Pumpkins,Smashing Pumpkins,Mellon Collie And The Infinite Sadness,0,729576A4EFA54966,11,1
Muzzle,Smashing Pumpkins,Smashing Pumpkins,Mellon Collie And The Infinite Sadness,0,9C9DD6CA356FC50B,12,1
Porcelina Of The Vast Oceans,Smashing Pumpkins,Smashing Pumpkins,Mellon Collie And The Infinite Sadness,0,BAA18130F3E090B2,13,1
Take Me Down,Smashing Pumpkins,Smashing Pumpkins,Mellon Collie And The Infinite Sadness,0,6C6101315CCAE512,14,1
Where Boys Fear To Tread,Smashing Pumpkins,Smashing Pumpkins,Mellon Collie And The Infinite Sadness,0,B91E415829BDF8FF,1,2
Bodies,Smashing Pumpkins,Smashing Pumpkins,Mellon Collie And The Infinite Sadness,0,957E7670355C385E,2,2
Thirty-Three,Smashing Pumpkins,Smashing Pumpkins,Mellon Collie And The Infinite Sadness,0,B188C92CEEA3D15E,3,2
In The Arms Of Sleep,Smashing Pumpkins,Smashing Pumpkins,Mellon Collie And The Infinite Sadness,0,F5FD800CD43010C7,4,2
1979,Smashing Pumpkins,Smashing Pumpkins,Mellon Collie And The Infinite Sadness,0,F93B982331E95511,5,2
Tales Of A Scorched Earth,Smashing Pumpkins,Smashing Pumpkins,Mellon Collie And The Infinite Sadness,0,1E201228AED90550,6,2
Thru The Eyes Of Ruby,Smashing Pumpkins,Smashing Pumpkins,Mellon Collie And The Infinite Sadness,0,ABF3161A457DD2A1,7,2
Stumbleine,Smashing Pumpkins,Smashing Pumpkins,Mellon Collie And The Infinite Sadness,0,F2DE5239B0F05631,8,2
X.Y.U.,Smashing Pumpkins,Smashing Pumpkins,Mellon Collie And The Infinite Sadness,0,047D63E16925B954,9,2
We Only Come Out At Night,Smashing Pumpkins,Smashing Pumpkins,Mellon Collie And The Infinite Sadness,0,33CA990EECA98680,10,2
Beautiful,Smashing Pumpkins,Smashing Pumpkins,Mellon Collie And The Infinite Sadness,0,3359941B8623FAFC,11,2
Lily (My One And Only),Smashing Pumpkins,Smashing Pumpkins,Mellon Collie And The Infinite Sadness,0,BD0195E0BAE3A18F,12,2
By Starlight,Smashing Pumpkins,Smashing Pumpkins,Mellon Collie And The Infinite Sadness,0,7D3DFE981C622A85,13,2
Farewell And Goodnight,Smashing Pumpkins,Smashing Pumpkins,Mellon Collie And The Infinite Sadness,0,F416BA5D7B785843,14,2
Cherub Rock,Smashing Pumpkins,Smashing Pumpkins,Siamese Dream,1,45FE00AA518A35E2,1,1
Quiet,Smashing Pumpkins,Smashing Pumpkins,Siamese Dream,0,2A20FC6229A3701E,2,1
Today,Smashing Pumpkins,Smashing Pumpkins,Siamese Dream,0,6D0E3E17C0E21726,3,1
Hummer,Smashing Pumpkins,Smashing Pumpkins,Siamese Dream,0,40DE55907A355622,4,1
Rocket,Smashing Pumpkins,Smashing Pumpkins,Siamese Dream,0,BE9DF1AF8C041752,5,1
Disarm,Smashing Pumpkins,Smashing Pumpkins,Siamese Dream,0,01F588B103A45BEE,6,1
Soma,Smashing Pumpkins,Smashing Pumpkins,Siamese Dream,1,06911AAF697C6008,7,1
Geek USA,Smashing Pumpkins,Smashing Pumpkins,Siamese Dream,0,9DDB7F2282869C92,8,1
Mayonaise,Smashing Pumpkins,Smashing Pumpkins,Siamese Dream,0,E11EAFC133E1A4CC,9,1
Spaceboy,Smashing Pumpkins,Smashing Pumpkins,Siamese Dream,0,622E576D23BFB00C,10,1
Silverfuck,Smashing Pumpkins,Smashing Pumpkins,Siamese Dream,0,19CABA7DEF4934CE,11,1
Sweet Sweet,Smashing Pumpkins,Smashing Pumpkins,Siamese Dream,0,2FBB4DB80AF4CA98,12,1
Luna,Smashing Pumpkins,Smashing Pumpkins,Siamese Dream,0,06F198B1F580E256,13,1
I'll Kill Her,Soko,Soko,"Triple J: Hottest 100, Vol. 15",0,6DF8452278DDCBAA,5,1
Pretty Noose,Soundgarden,Soundgarden,Down On The Upside,0,BE7CBE019F7F4D4E,1,1
Rhinosaur,Soundgarden,Soundgarden,Down On The Upside,0,3E1498EA1833CF56,2,1
Zero Chance,Soundgarden,Soundgarden,Down On The Upside,0,4D75E251D09CC3E7,3,1
Dusty,Soundgarden,Soundgarden,Down On The Upside,0,AC411F4A1BFEBD12,4,1
Ty Cobb,Soundgarden,Soundgarden,Down On The Upside,0,BDD9393A9C3B5112,5,1
Blow Up The Outside World,Soundgarden,Soundgarden,Down On The Upside,0,DC500BF5A5664962,6,1
Burden In My Hand,Soundgarden,Soundgarden,Down On The Upside,0,B2B44CF6549443C7,7,1
Never Named,Soundgarden,Soundgarden,Down On The Upside,0,EC29ED3C8E529D12,8,1
Applebite,Soundgarden,Soundgarden,Down On The Upside,0,170CC3C0B570B9C0,9,1
Never The Machine Forever,Soundgarden,Soundgarden,Down On The Upside,0,C6D5E98E07464CD6,10,1
Tighter & Tighter,Soundgarden,Soundgarden,Down On The Upside,0,261FC9F3AB49668F,11,1
No Attention,Soundgarden,Soundgarden,Down On The Upside,0,AB2B570629F4E337,12,1
Switch Opens,Soundgarden,Soundgarden,Down On The Upside,0,25A22BF49013EF9A,13,1
Overfloater,Soundgarden,Soundgarden,Down On The Upside,0,F0149020DC49B9E6,14,1
An Unkind,Soundgarden,Soundgarden,Down On The Upside,0,6C9AC57ECE5597A3,15,1
Boot Camp,Soundgarden,Soundgarden,Down On The Upside,0,06E0C8F9DC520E30,16,1
Let Me Drown,Soundgarden,Soundgarden,Superunknown,0,D74AD37FE24516CD,1,1
My Wave,Soundgarden,Soundgarden,Superunknown,1,4A0C663C55353EAD,2,1
Fell On Black Days,Soundgarden,Soundgarden,Superunknown,0,38A484C5B36A5916,3,1
Mailman,Soundgarden,Soundgarden,Superunknown,0,8443492F68E5CC1B,4,1
Superunknown,Soundgarden,Soundgarden,Superunknown,0,519A7431B00AC09B,5,1
Head Down,Soundgarden,Soundgarden,Superunknown,0,E7579F6F8A8DB2A8,6,1
Black Hole Sun,Soundgarden,Soundgarden,Superunknown,0,E10FFC90FEE54EE5,7,1
Spoonman,Soundgarden,Soundgarden,Superunknown,0,ECA399C4E97553FD,8,1
Limo Wreck,Soundgarden,Soundgarden,Superunknown,0,E62E00C0DF57D2CF,9,1
The Day I Tried To Live,Soundgarden,Soundgarden,Superunknown,0,371F686AAC62643A,10,1
Kickstand,Soundgarden,Soundgarden,Superunknown,0,A9A478B75C918A22,11,1
Fresh Tendrils,Soundgarden,Soundgarden,Superunknown,0,FAB3D19AB63F08CE,12,1
4th Of July,Soundgarden,Soundgarden,Superunknown,0,553AFD345153D090,13,1
Half,Soundgarden,Soundgarden,Superunknown,0,DB5B877070BADB39,14,1
Like Suicide,Soundgarden,Soundgarden,Superunknown,0,83405C6282983F9F,15,1
I Wanna Be Adored (Remastered),The Stone Roses,The Stone Roses,The Stone Roses,0,9C0B9D187D6AF5C8,1,1
She Bangs the Drums (Remastered),The Stone Roses,The Stone Roses,The Stone Roses,0,2D57F994E9F4D195,2,1
Waterfall (Remastered),The Stone Roses,The Stone Roses,The Stone Roses,0,21DDBC0FA1B47F30,3,1
Don't Stop (Remastered),The Stone Roses,The Stone Roses,The Stone Roses,0,08D59DC084C4739A,4,1
Bye Bye Bad Man (Remastered),The Stone Roses,The Stone Roses,The Stone Roses,0,60222C1954870807,5,1
Elizabeth My Dear (Remastered),The Stone Roses,The Stone Roses,The Stone Roses,0,35C7292F25F8EFF9,6,1
(Song for My) Sugar Spun Sister (Remastered),The Stone Roses,The Stone Roses,The Stone Roses,0,753FD9044474765A,7,1
Made of Stone (Remastered),The Stone Roses,The Stone Roses,The Stone Roses,0,CB150EAD84ABDBA2,8,1
Shoot You Down (Remastered),The Stone Roses,The Stone Roses,The Stone Roses,0,A742F0E9705F9C01,9,1
This Is the One (Remastered),The Stone Roses,The Stone Roses,The Stone Roses,0,92DF80352956199F,10,1
I Am the Resurrection (Remastered),The Stone Roses,The Stone Roses,The Stone Roses,0,11B1F5C953F0843C,11,1
Fools Gold (Remastered),The Stone Roses,The Stone Roses,The Stone Roses,0,3263431B17F5AE74,12,1
Is This It,The Strokes,The Strokes,Is This It,0,7D781A6FFC94AEDB,1,1
The Modern Age,The Strokes,The Strokes,Is This It,0,E23E5A92EA6EB793,2,1
Soma,The Strokes,The Strokes,Is This It,0,FF6A2BCC1199CDC6,3,1
Barely Legal,The Strokes,The Strokes,Is This It,0,BC4B225FB6A5990D,4,1
Someday,The Strokes,The Strokes,Is This It,0,800F6D8E49A6B601,5,1
"Alone, Together",The Strokes,The Strokes,Is This It,0,4E7FFC47BD0CF8EB,6,1
Last Night,The Strokes,The Strokes,Is This It,0,DA2CDD2EE2E78FDA,7,1
Hard To Explain,The Strokes,The Strokes,Is This It,0,ABB14F21C4120A33,8,1
When It Started,The Strokes,The Strokes,Is This It,0,5252240C0F30E7C0,9,1
Trying Your Luck,The Strokes,The Strokes,Is This It,0,24D283A9A9247672,10,1
Take It Or Leave It,The Strokes,The Strokes,Is This It,0,FB71DDED5CE7D659,11,1
What Ever Happened,The Strokes,The Strokes,Room On Fire,0,A87393A400A4D97D,1,1
Reptilia,The Strokes,The Strokes,Room On Fire,0,C8D188FABBB53F46,2,1
Automatic Stop,The Strokes,The Strokes,Room On Fire,0,E0F11B37DC349566,3,1
12:51,The Strokes,The Strokes,Room On Fire,0,E5BFD6E2DE92D7AC,4,1
You Talk Way Too Much,The Strokes,The Strokes,Room On Fire,0,D0ABB3D6D83840E3,5,1
Between Love & Hate,The Strokes,The Strokes,Room On Fire,0,DF0A37282262C11C,6,1
Meet Me In The Bathroom,The Strokes,The Strokes,Room On Fire,0,E872E22EFF059661,7,1
Under Control,The Strokes,The Strokes,Room On Fire,0,CDDA7E418F311FE0,8,1
The Way It Is,The Strokes,The Strokes,Room On Fire,0,2C675E6362874B26,9,1
The End Has No End,The Strokes,The Strokes,Room On Fire,0,632BC6B5A9292611,10,1
I Can't Win,The Strokes,The Strokes,Room On Fire,0,5181C11B7467AC59,11,1
Caught By The Fuzz,Supergrass,Supergrass,Supergrass Is 10,0,D44D60CAAF2789EC,1,1
Pumping On Your Stereo,Supergrass,Supergrass,Supergrass Is 10,0,E1B07D443A4F1D9E,2,1
Alright,Supergrass,Supergrass,Supergrass Is 10,1,60268D01D5BDD517,3,1
Moving,Supergrass,Supergrass,Supergrass Is 10,0,CB361EC82BA00427,4,1
Richard III,Supergrass,Supergrass,Supergrass Is 10,0,AF2A6AB82280F7E7,5,1
Grace,Supergrass,Supergrass,Supergrass Is 10,0,2E290877932D813F,6,1
Late In The Day,Supergrass,Supergrass,Supergrass Is 10,0,2D103F34E0A5E640,7,1
Seen The Light,Supergrass,Supergrass,Supergrass Is 10,0,C10E6C82C8B64418,8,1
Mansize Rooster,Supergrass,Supergrass,Supergrass Is 10,0,B5B8C34430A58697,9,1
Sun Hits The Sky,Supergrass,Supergrass,Supergrass Is 10,0,2DE9188074D192E5,10,1
Kiss Of Life,Supergrass,Supergrass,Supergrass Is 10,0,956E361414B66453,11,1
Mary,Supergrass,Supergrass,Supergrass Is 10,0,E14F7E24136AF6B8,12,1
Going Out,Supergrass,Supergrass,Supergrass Is 10,0,BEE43889919937E8,13,1
Lenny,Supergrass,Supergrass,Supergrass Is 10,0,43FCA1B2F9926E0E,14,1
Bullet,Supergrass,Supergrass,Supergrass Is 10,0,D6539EB50E6B0DBA,15,1
It's Not Me,Supergrass,Supergrass,Supergrass Is 10,0,5993BCF67E2A0522,16,1
Rush Hour Soul,Supergrass,Supergrass,Supergrass Is 10,0,33CDD56FF4B01206,17,1
Strange Ones,Supergrass,Supergrass,Supergrass Is 10,0,C1D1A7FA43C42FE6,18,1
Lose It,Supergrass,Supergrass,Supergrass Is 10,0,C674BF527DDF8DE5,19,1
Time,Supergrass,Supergrass,Supergrass Is 10,0,605B2BEE616B85D9,20,1
Wait For The Sun,Supergrass,Supergrass,Supergrass Is 10,0,D82C7FBA99613FC5,21,1
Prison Song,System Of A Down,System Of A Down,Toxicity,2,AD0559D4B47FEC11,1,1
Needles,System Of A Down,System Of A Down,Toxicity,0,B656FFC97AFBE471,2,1
Deer Dance,System Of A Down,System Of A Down,Toxicity,0,193C5722A6412C68,3,1
Jet Pilot,System Of A Down,System Of A Down,Toxicity,0,FFEB243FEF049627,4,1
X,System Of A Down,System Of A Down,Toxicity,0,FFA611D96757F720,5,1
Chop Suey!,System Of A Down,System Of A Down,Toxicity,2,CDFB7FDE5FB3FC23,6,1
Bounce,System Of A Down,System Of A Down,Toxicity,0,CAD62F780F9AC063,7,1
Forest,System Of A Down,System Of A Down,Toxicity,0,363840B547CDCF1D,8,1
Atwa,System Of A Down,System Of A Down,Toxicity,0,BB14FACF08A2A737,9,1
Science,System Of A Down,System Of A Down,Toxicity,0,8A118267FCA2FCCA,10,1
Shimmy,System Of A Down,System Of A Down,Toxicity,0,ED3B55BC2407EE13,11,1
Toxicity,System Of A Down,System Of A Down,Toxicity,0,957A4D323D4C7BFE,12,1
Psycho,System Of A Down,System Of A Down,Toxicity,0,C41DA8A5C022261A,13,1
Aerials,System Of A Down,System Of A Down,Toxicity,0,70F886CDEAD63C8F,14,1
Back In Your Head,Tegan And Sara,Tegan And Sara,"Triple J: Hottest 100, Vol. 15",0,EC2EB6D81CBF6819,10,2
Mansard Roof,Vampire Weekend,Vampire Weekend,Vampire Weekend,0,1781FCD1C411B91D,1,1
Oxford Comma,Vampire Weekend,Vampire Weekend,Vampire Weekend,0,F91595517C36E01C,2,1
A-Punk,Vampire Weekend,Vampire Weekend,Vampire Weekend,0,9E80CB32263D608C,3,1
Cape Cod Kwassa Kwassa,Vampire Weekend,Vampire Weekend,Vampire Weekend,0,1AA1F0C539972FB0,4,1
M79,Vampire Weekend,Vampire Weekend,Vampire Weekend,0,76E468981537A449,5,1
Campus,Vampire Weekend,Vampire Weekend,Vampire Weekend,0,37E4CF71B0708347,6,1
Bryn,Vampire Weekend,Vampire Weekend,Vampire Weekend,0,86A758A02D491F7D,7,1
One (Blake's Got A New Face),Vampire Weekend,Vampire Weekend,Vampire Weekend,0,33CF02861054E412,8,1
I Stand Corrected,Vampire Weekend,Vampire Weekend,Vampire Weekend,0,B716DECAD40082B0,9,1
Walcott,Vampire Weekend,Vampire Weekend,Vampire Weekend,0,3EE3B0674FB6578D,10,1
The Kids Don't Stand A Chance,Vampire Weekend,Vampire Weekend,Vampire Weekend,0,2201861D1BF50F07,11,1
My Name Is Jonas,Weezer,Weezer,Weezer,0,1F30F28E60A2D0D4,1,1
No One Else,Weezer,Weezer,Weezer,0,F5A6EC7795143FD0,2,1
The World Has Turned And Left Me Here,Weezer,Weezer,Weezer,0,01AE4D3CA4439951,3,1
Buddy Holly,Weezer,Weezer,Weezer,0,CAFBCA73D9B57A64,4,1
Undone - The Sweater Song,Weezer,Weezer,Weezer,0,9604706D00DDCE9C,5,1
Surf Wax America,Weezer,Weezer,Weezer,0,6723A8C8464B077D,6,1
Say It Ain't So,Weezer,Weezer,Weezer,1,CEC09F59A22C4E96,7,1
In The Garage,Weezer,Weezer,Weezer,0,F181AE8F5263BE3E,8,1
Holiday,Weezer,Weezer,Weezer,0,DFBE7A91A4906212,9,1
Only In Dreams,Weezer,Weezer,Weezer,0,97E058CE57CF8272,10,1
Let's Dance To Joy Division,The Wombats,The Wombats,"Triple J: Hottest 100, Vol. 15",1,AE68C9C1395C08F2,4,2
